Алиса	Вес	Внешний вид	Габаритные размеры (В*Ш*Г)	Габаритные размеры (В*Ш*Д)	Гарантия	Гарантия предоставляется	Диапазон температур	Длина сетевого шнура	Заваривание чая	Залив воды без открытия крышки	Звуковой сигнал при закипании	Индикация	Количество режимов нагрева	Количество стенок	Максимальный объем	Маруся	Материал корпуса	Объем	Отключение при закипании	Отключение при отсутствии воды	Отключение при снятии	Отложенный старт	Отсек для сетевого шнура	Подключение	Подсветка корпуса	Потребляемая мощность	Работает в системе Умный дом	Регулировка температуры	Салют	Сенсорное управление	Смартфон в качестве пульта ДУ	Состояние	Сохранение тепла	Способ открытия крышки	Срок службы	Страна	Технология снижения уровня шума	Тип нагревательного элемента	Фильтр от накипи	Функция	Цвет	Цвет подсветки корпуса	Цифровой дисплей	Экосистема
	1.05	новый	23.6*22.1*19.1 см		2 года	производителем	100 *С					включения, уровня воды	1	1	1.7		пластик		Да	Да	Да					2400						новый	Да	полностью съемная		Китай	Да	диск	Да	снижения уровня шума	белый			отсутствует
	1.5	новый	27*23*20 см		2 года	производителем	40-100 *С	0.8				включения, уровня воды, температуры	5	2	1.5		пластик		Да	Да	Да		Да			1800		Да		Да		новый	Да	кнопка на корпусе		Китай		ТЭН	Да	поддержание температуры	белый	отсутствует	Да	отсутствует
	0.88		16.4*21*24.4 см		2 года	производителем	100 *С	0.75				включения	1	2	1.5		пластик/ нержавеющая сталь		Да	Да	Да		Да			1500						новый	Да	кнопка на корпусе		Китай		скрытый нагревательный элемент			белый			отсутствует
	1		20*20*15.2 см		1 год	производителем						включения, уровня воды			0.8		пластик		Да	Да	Да					1400										Китай		ТЭН	Да		зеленый			
	0.94		20*14.5*22 см		3 года	производителем				Да		включения, уровня воды	1		1.5		термостойкое стекло		Да	Да	Да		Да		Да	1950						новый		кнопка на корпусе		Китай		закрытая спираль	Да		белый/ черный	синий		
	2.2	новый	33*2.4*20.4 см		2 года	производителем	40-100 *С				Да	включения, уровня воды, температуры	5	1	1.6		нержавеющая сталь/ пластик		Да	Да	Да		Да			3000		Да				новый		кнопка на корпусе		Китай		ТЭН	Да	поддержание температуры	хромированный/ черный	отсутствует	Да	отсутствует
	0.9	новый	22.5*19.5*17.5 см		2 года	производителем	100 *С	0.7				включения, уровня воды	1	1	1.7		пластик		Да	Да			Да			2200						новый		нажатие		Китай		диск	Да		черный	отсутствует		отсутствует
	0.96	новый	21.2*17.5*22.2 см		1 год	производителем	1-100 *С	0.75				включения, уровня воды	1	2	1.7		нержавеющая сталь		Да	Да	Да		Да			2200						новый		кнопка на корпусе		Китай		диск	Да		жемчужный	отсутствует		
	1		22*17.4*21.5 см		1 год	производителем	40-100 *С	0.75				включения, уровня воды, температуры	7	1	1.7		нержавеющая сталь		Да	Да	Да		Да			2200		Да		Да				полностью съемная		Китай		закрытая спираль	Да		черный	отсутствует		отсутствует
	0.82		25.2*20.2*16.4 см		1 год	производителем	30-100 *С	0.8				включения, уровня воды	1	1	1.7		пищевой термостойкий пластик		Да	Да	Да		Да			2200						новый		кнопка на корпусе		Китай		ТЭН	Да		черный	отсутствует		отсутствует
	0.75	новый	28*18*18 см		1 год	производителем	100-100 *С	0.75				включения	1	1	2		металл/ пластик		Да	Да	Да		Да			1500						новый		нажатие		Китай		диск	Да		белый/ черный	отсутствует		отсутствует
	1.1	новый	24*16*23 см		1 год	производителем	100 *С	0.7				включения, уровня воды	1		1.7		металл/ стекло		Да	Да	Да		Да		Да	2200						новый		кнопка на корпусе		Китай		ТЭН	Да		серебристый/ черный	синий		отсутствует
	0.832	новый	20.3*28*12.9 см		1 год	производителем	100 *С	0.7				включения	1	1	0.8		нержавеющая сталь		Да	Да	Да		Да			1600						новый		полностью съемная		Китай		ТЭН			белый/ черный	отсутствует		отсутствует
	1.4		24.4*21.5*21.5 см		1 год	производителем	100 *С	0.7				включения, уровня воды	1	1	1.7		стекло		Да	Да	Да				Да	2150						новый		кнопка на корпусе		Китай		диск	Да		белый	голубой		отсутствует
	1.6	новый	24.8*22.6*17.1 см		1 год	производителем	100 *С					включения, уровня воды		1	1.7		нержавеющая сталь		Да	Да	Да		Да			2400						новый				Китай		диск	Да		голубой			
	0.9		24*14.5*22 см		1 год	производителем	100 *С	0.7				включения, уровня воды	1	1	1.7		полимер/ пластик		Да	Да	Да		Да		Да	2200						новый		кнопка на корпусе		Россия		закрытая спираль	Да		белый/ черный			отсутствует
	0.168	новый	25*22.8*14 см		1 год	производителем	1-100 *С	0.9				включения, уровня воды	1	2	2		пластик		Да	Да	Да					1800						новый		кнопка на корпусе		Китай		диск	Да		белый	отсутствует		
	1	новый	22.3*21.5*15.5 см		1 год	производителем	100-100 *С	0.75				включения, уровня воды	1	1	1.7		нержавеющая сталь		Да	Да			Да			2100						новый		кнопка на корпусе		Китай		диск	Да		розовый	отсутствует		отсутствует
	1.3		25.6*21.8*16.3 см		1 год	производителем	100-50 *С	0.7			Да	включения, уровня воды, температуры	7	2	1.7		сталь		Да	Да	Да		Да			2400		Да				новый	Да	кнопка на корпусе		Китай		закрытая спираль	Да	поддержание температуры	кремовый	отсутствует		отсутствует
	1.4		25.4*21.6*16.2 см		1 год	производителем	50-100 *С	1	Да		Да	включения, уровня воды, температуры	7	1	1.7		нержавеющая сталь		Да	Да	Да		Да			2400						новый	Да	кнопка на корпусе		Китай	Да	диск	Да	заваривание чая, поддержание температуры, снижения уровня шума	нержавеющая сталь			отсутствует
	1.85	новый	26.3*21*17.5 см		1 год	производителем	70-100 *С	0.8			Да	включения, уровня воды, температуры	4	2	1.5		нержавеющая сталь/ пластик		Да	Да	Да		Да			2400		Да				новый	Да	нажатие		Китай		закрытая спираль	Да	поддержание температуры	черный/ нержавеющая сталь			
	1.1		21.5*16*19 см		1 год	производителем	100-100 *С	0.75	Да			включения, уровня воды	1	2	1.7		МДФ/ пластик/ стекло		Да	Да	Да		Да		Да	2200								нажатие		Китай		диск	Да	заваривание чая	белый			отсутствует
	1	новый	24.5*21*15.5 см		1 год	производителем	40-100 *С	0.7				включения, уровня воды, температуры	7	2	1.5		нержавеющая сталь/ пластик		Да	Да	Да		Да			2200		Да		Да		новый	Да	нажатие		Китай		диск		поддержание температуры	белый	отсутствует	Да	
	2.05	новый	24.5*22*17.8 см		1 год	производителем	40-100 *С	0.8	Да		Да	включения, уровня воды, температуры	6		1.7		термостекло		Да	Да	Да		Да		Да	2200		Да				новый	Да	полностью съемная		Китай		закрытая спираль	Да	заваривание чая, поддержание температуры	стекло	голубой	Да	отсутствует
	0.625	новый	24.2*17.8*14.8 см		1 год	производителем	80-100 *С	0.75	Да			включения, уровня воды	1		1.8		нержавеющая сталь		Да	Да	Да		Да			2000						новый		кнопка на корпусе		Китай		ТЭН		заваривание чая	черный			отсутствует
	1		20*20*15.2 см		1 год	производителем						включения, уровня воды			0.8		пластик		Да	Да	Да					1400										Китай		ТЭН	Да		красный			
	1.1		26.3*22.5*25.5 см		1 год	производителем	100-100 *С	0.8				включения, уровня воды	1	1	1.7		пластик		Да	Да	Да					2400								кнопка на корпусе		Китай		закрытая спираль	Да		бежевый			отсутствует
	0.8	новый	23*22.8*15 см		1 год	производителем	100 *С	0.6				включения	1	1	1.8		пластик/ металл		Да	Да	Да		Да			1800						новый		нажатие		Китай		диск			черный/ нержавеющая сталь	отсутствует		отсутствует
	1.09		23.5*22*13 см		1 год	производителем	100-100 *С	0.75				включения, уровня воды	1	2	1.8		пластик/ стекло		Да	Да			Да		Да	1500						новый		нажатие		Китай		диск			черный	голубой		отсутствует
	1.2		27.3*15.5*24.2 см		1 год	производителем	30-100 *С	1.2				включения, температуры	1	2	1.7		металл/ пластик		Да	Да	Да					1800		Да			Да	новый	Да	кнопка на корпусе		Китай		диск		поддержание температуры	белый		Да	отсутствует
	0.77	новый	18*20*15 см		1 год	производителем	100 *С	0.6				включения, уровня воды	1	1	1		пластик		Да	Да						1300						новый		нажатие		Китай		диск	Да		белый/ розовый	отсутствует		отсутствует
	1	новый	24*22*15 см		1 год	производителем	99-100 *С	0.65				включения, уровня воды	1	2	1.7		нержавеющая сталь		Да	Да	Да		Да			2200						новый		нажатие		Китай		диск	Да		темно-серый			отсутствует
	1.1	новый	27*21*14 см		1 год	производителем	40-100 *С	0.75				включения, уровня воды	1	2	1.7		нержавеющая сталь		Да	Да	Да		Да			3000						новый	Да	нажатие		Китай		закрытая спираль	Да		белый			отсутствует
	0.9	новый	24.5*21.8*14.2 см		1 год	производителем	100-100 *С	0.65				включения, уровня воды	1	2	1.5		пластик/ нержавеющая сталь		Да	Да	Да		Да			1500						новый		кнопка на корпусе		Китай		диск	Да		серый	отсутствует		отсутствует
	2.55	новый	26*45*21 см		1 год	производителем	60-85 *С	0.7	Да	Да	Да	включения	2		2		стекло/ пластик		Да	Да	Да				Да	1500		Да		Да		новый	Да	кнопка на корпусе		Китай		диск		заваривание чая, поддержание температуры	черный/ прозрачный	фиолетовый	Да	
	1.75	новый	27*21*17.5 см		1 год	производителем	60-100 *С	0.7	Да	Да	Да	включения, уровня воды, температуры	5	1	1.7		стекло		Да	Да	Да		Да			2400		Да				новый		полностью съемная		Китай		закрытая спираль	Да	заваривание чая, поддержание температуры	серебристый	отсутствует		отсутствует
	1.183		25*17.7*23.9 см		2 года	производителем	100 *С					включения, уровня воды	1	1	1.7		нержавеющая сталь		Да	Да	Да		Да			2400						новый		кнопка на корпусе		Китай		закрытая спираль	Да		черный	отсутствует		отсутствует
	1.755	новый	23.5*23.5*27 см		3 года	производителем	100 *С	1				включения	1		2		Металл		Да	Да	Да		Да			2200						новый		полностью съемная		Турция		ТЭН	Да		антрацит	отсутствует		отсутствует
	1		26*23*23 см		1 год	производителем	100-40 *С	0.7				включения, уровня воды	1		1.7		металл		Да	Да	Да		Да			2000										Китай		закрытая спираль	Да		черный			
	1.174		23.8*15*22.4 см		2 года	производителем	100 *С	0.75				включения, уровня воды	1	1	1.7		стекло		Да	Да	Да		Да		Да	2200								кнопка на корпусе		Китай		скрытый нагревательный элемент	Да		белый			отсутствует
	0.95	новый	23.7*21.7*15.6 см		1 год	производителем	100 *С	0.65				включения, уровня воды	1		1.7		стекло/ пластик		Да	Да	Да		Да		Да	2200						новый		нажатие		Китай		закрытая спираль	Да		серый	синий		отсутствует
	1.16	новый	21.5*22*14.5 см		1 год	производителем	100-20 *С	0.8				включения, уровня воды	1		1.7		термостойкое стекло		Да	Да	Да		Да		Да	2200						новый		нажатие		Китай		закрытая спираль	Да		стекло	голубой		
	0.9	новый	22*21*15.5 см		1 год	производителем	100 *С					включения, уровня воды	1	1	1.8		стекло/ пластик		Да	Да	Да		Да		Да	2200						новый		нажатие		Китай		диск			прозрачный/ черный	синий		отсутствует
	1.05		25.7*22.7*15 см		1 год							уровня воды			1.7		пластик		Да	Да	Да					2200										Китай		диск	Да		коричневый			
	1	новый	19*17*18 см		2 года	производителем	100 *С	0.9				включения, уровня воды	1	1	1.7		нержавеющая сталь		Да	Да	Да		Да			2400						новый		полностью съемная		Китай	Да	диск	Да	снижения уровня шума	нержавеющая сталь/ черный	отсутствует		отсутствует
	0.96		25*23*13.5 см		1 год	производителем	100 *С	0.7				включения, уровня воды	1	2	1.7		пластик		Да	Да	Да		Да		Да	2200								полностью съемная		Китай		диск	Да		светло-бежевый			отсутствует
	0.8		24*15*15 см		1 год	производителем	100-100 *С	0.75				включения, уровня воды	1	1	1.8		сталь		Да	Да	Да		Да			2200								кнопка на корпусе		Китай		диск	Да		стальной	отсутствует		отсутствует
	1		24.24*23.25*16.54 см		1 год	продавцом	40-100 *С	75			Да	включения, уровня воды	1	1	1.7		боросиликатное стекло		Да	Да	Да		Да		Да	2200						новый		ручное		Китай		закрытая спираль	Да		серый	желтый		отсутствует
	2.2	новый	27*23*20 см		2 года	производителем	40-100 *С	0.7		Да	Да	включения, уровня воды, температуры	5	1	1.7		пластик/ металл		Да	Да	Да		Да			3000		Да		Да		новый	Да	кнопка на корпусе		Китай		ТЭН	Да	поддержание температуры	белый	отсутствует		отсутствует
	1.6		24.8*22.6*17.1 см		1 год	производителем						включения, уровня воды			1.7		нержавеющая сталь		Да	Да	Да					2400										Китай		диск	Да		хромированный			
	1.6	новый	24.6*17.1*22.3 см		1 год	производителем	40-100 *С	1				включения, уровня воды	1	1	1.7		нержавеющая сталь/ пластик		Да	Да	Да		Да			2400						новый		кнопка на корпусе		Китай		ТЭН	Да		бежевый			
	1.4	новый	28.5*14.5*21.5 см		1 год	производителем	40-100 *С	0.7	Да		Да	включения, температуры	4	2	1.6		пластик/ нержавеющая сталь		Да	Да	Да		Да			2200		Да		Да		новый	Да	кнопка на корпусе		Китай		диск		заваривание чая, поддержание температуры	черный	отсутствует	Да	отсутствует
	1.26	новый	27*18*18 см		2 года	производителем	40-100 *С	1				включения, уровня воды	1	1	1.7		пластик		Да	Да	Да		Да			2400						новый		нажатие		Китай	Да	диск	Да	снижения уровня шума	белый			отсутствует
	0.61		23.5*15.7*22 см		1 год	продавцом	40-100 *С					включения		1	1.8		нержавеющая сталь		Да	Да	Да		Да			1500								нажатие		Китай		диск			черный	отсутствует		отсутствует
	1.12	новый	24.4*15.9*22 см		1 год	производителем	100 *С	0.8				включения, уровня воды	1	1	1.7		стекло		Да	Да	Да		Да		Да	2200						новый		кнопка на корпусе		Китай		ТЭН	Да		прозрачный	синий		
	1.13	новый	26.4*23.4*15.9 см		2 года	производителем	30-100 *С	0.75				включения, уровня воды	1	1	1.8		металл/ стекло		Да	Да	Да		Да		Да	2200						новый		кнопка на корпусе		Китай		диск	Да		атласное серебро			отсутствует
	1	новый	20*20*15.2 см		1 год	производителем	100 *С	1				включения, уровня воды	1	1	0.8		пластик		Да	Да	Да		Да			1400						новый		нажатие		Китай		ТЭН	Да		черный			отсутствует
	2.1	новый	20.3*24.1*27.2 см		3 года	производителем	50-100 *С	1		Да	Да	включения, уровня воды, температуры	6	2	1.5		алюминий		Да	Да	Да		Да			2400		Да				новый	Да	кнопка на корпусе		Китай	Да	ТЭН	Да	поддержание температуры, снижения уровня шума	кремовый	отсутствует		отсутствует
	1.4		25.4*21.6*16.2 см		1 год	производителем	50-100 *С	1	Да		Да	включения, уровня воды, температуры	7	1	1.7		нержавеющая сталь		Да	Да	Да		Да			2400						новый	Да	кнопка на корпусе		США	Да	диск	Да	заваривание чая, поддержание температуры, снижения уровня шума	белый			отсутствует
	0.9		24*14.5*22 см		1 год	производителем	100 *С	0.7				включения, уровня воды	1	1	1.7		полимер/ пластик		Да	Да	Да		Да		Да	2200								кнопка на корпусе		Россия		закрытая спираль	Да		черный/ голубой			отсутствует
	0.694	новый	21.5*16*21.5 см		1 год	производителем	100 *С	0.7				включения	1	2	1.8		нержавеющая сталь/ пластик		Да	Да	Да		Да			1500						новый		нажатие		Китай		диск	Да		металлик/ черный	отсутствует		
	0.62		23.2*15*22 см		1 год	продавцом	40-100 *С	0.8				включения	1	1	1.8		нержавеющая сталь/ пластик		Да	Да	Да		Да			1500						новый		нажатие		Китай		диск			черный/ серебристый	отсутствует		отсутствует
	2.1	новый	20.3*24.1*27.2 см		3 года	производителем	50-100 *С	1		Да	Да	включения, уровня воды, температуры	7	2	1.5		алюминий		Да	Да	Да		Да			2400		Да				новый	Да	кнопка на корпусе		Китай	Да	ТЭН	Да	поддержание температуры, снижения уровня шума	черный	отсутствует		отсутствует
	1.8		27.5*22.6*17.1 см		1 год	производителем	50 *С	1			Да	включения, уровня воды, температуры	8		1.7		нержавеющая сталь		Да	Да	Да					2400		Да								Китай		ТЭН	Да	поддержание температуры	голубой			
	0.931	новый	26*22.2*15.5 см		2 года	производителем	30-100 *С	0.75		Да		включения, уровня воды	1	1	1.7		пластик/ стекло		Да	Да	Да		Да		Да	2200						новый		кнопка на корпусе		Китай		диск	Да		черный матовый			отсутствует
	1.4	новый	27*16*16 см		2 года	производителем	40-100 *С	0.7				включения, уровня воды, температуры	5	2	1.7		металл/ пластик		Да	Да	Да		Да			1800		Да		Да		новый	Да	нажатие		Китай	Да	диск	Да	поддержание температуры, снижения уровня шума	черный		Да	отсутствует
	0.63		23.5*14.5*22 см		1 год	продавцом	40-100 *С	0.8				включения	1	1	1.8		нержавеющая сталь/ пластик		Да	Да	Да		Да			1500						новый		нажатие		Китай		диск			черный/ серебристый	отсутствует		отсутствует
	1.6		24.8*22.6*17.1 см		1 год	производителем						включения, уровня воды			1.7		нержавеющая сталь		Да	Да	Да					2400										Китай		ТЭН	Да		матовый белый			
	0.62		23.5*15.5*21.6 см		1 год	продавцом	40-100 *С	0.8				включения	1	1	1.8		нержавеющая сталь/ пластик		Да	Да	Да		Да			1500						новый		нажатие		Китай		диск			черный/ серебристый	отсутствует		отсутствует
	2.1	новый	20.3*24.1*27.2 см		3 года	производителем	50-100 *С	1		Да	Да	включения, уровня воды, температуры	7	2	1.5		алюминий		Да	Да	Да		Да			2400		Да				новый	Да	кнопка на корпусе		Китай	Да	ТЭН	Да	поддержание температуры, снижения уровня шума	красный	отсутствует		отсутствует
	1.3		25.6*21.8*16.3 см		1 год	производителем	100-50 *С	0.7			Да	включения, уровня воды, температуры	7	2	1.7		сталь		Да	Да	Да		Да			2400		Да				новый	Да	кнопка на корпусе		Китай		закрытая спираль	Да	поддержание температуры	красный	отсутствует		отсутствует
	1.379		24.2*21.6*21.8 см		1 год	производителем	40-100 *С	0.7				включения, уровня воды, температуры	7	1	1.7		стекло		Да	Да	Да				Да	2150		Да		Да		новый	Да	полностью съемная		Китай		диск	Да		серебристый металлик	7 вариантов	Да	отсутствует
	1.8		27.5*22.6*17.1 см		1 год	производителем	50 *С	1				включения, уровня воды, температуры	7		1.7		нержавеющая сталь		Да	Да	Да					2400		Да								Китай		диск	Да		черный			
Да	2.98	новый	27.5*20*23.3 см		2 года	производителем	40-100 *С	1		Да	Да	включения, уровня воды, температуры	13	2	1.3	Да	нержавеющая сталь		Да	Да	Да		Да			2400	Да	Да	Да	Да		новый	Да	кнопка на корпусе		Китай		закрытая спираль	Да	поддержание температуры	серый		Да	отсутствует
	1.09		23.5*22*13 см		1 год	производителем	0-100 *С	0.75				включения, уровня воды	1	2	1.8		пластик/ стекло		Да	Да			Да		Да	1500						новый		нажатие		Китай		диск			серый	голубой		отсутствует
	1.8		27.5*22.6*17.1 см		1 год	производителем	50 *С	1			Да	включения, уровня воды, температуры	8		1.7		нержавеющая сталь/ пластик		Да	Да	Да					2400		Да								Китай		ТЭН	Да		хромированный			
	0.97	новый	24*21*15 см		1 год	производителем	100 *С	0.8				включения, уровня воды	1	1	1.7		нержавеющая сталь		Да	Да	Да		Да			1800						новый		кнопка на корпусе		Китай		ТЭН	Да		стальной			
	1.11		25.15*22*15 см		1 год	производителем	100-100 *С	1.2				включения	1	2	1.7		металл/ пластик		Да		Да		Да			1800						новый		кнопка на корпусе		Китай		диск			серый металлик			отсутствует
	2.1	новый	20.3*24.1*27.2 см		3 года	производителем	50-100 *С	1		Да	Да	включения, уровня воды, температуры	6	2	1.5		алюминий		Да	Да	Да		Да			2400		Да				новый	Да	кнопка на корпусе		Китай	Да	ТЭН	Да	поддержание температуры, снижения уровня шума	серебряный медальон	отсутствует		отсутствует
	1.8		27.5*22.6*17.1 см		1 год	производителем	50 *С	1				включения, уровня воды, температуры	7		1.7		нержавеющая сталь		Да	Да	Да					2400		Да								Китай		диск	Да		белый			
	1.09		23.5*22*13 см		1 год	производителем	1-100 *С	0.75				включения, уровня воды	1	2	1.8		пластик/ стекло		Да	Да			Да		Да	1500						новый		нажатие		Китай		диск			белый	голубой		отсутствует
	0.82		22.5*16*21 см		1 год	продавцом	80-100 *С	0.75	Да			включения, уровня воды	1	1	1.8		термостойкое стекло		Да	Да	Да		Да		Да	1500						новый		кнопка на корпусе		Китай		ТЭН		заваривание чая	черный	голубой		отсутствует
	1.1		22.3*25.6*16 см		1 год	производителем	40-100 *С	0.7			Да	включения, уровня воды, температуры	4	2	1.7		пластик		Да	Да	Да		Да			2200		Да		Да		новый	Да	кнопка на корпусе		Китай		ТЭН	Да	поддержание температуры	черный	белый	Да	отсутствует
	1.6		27.5*22.6*17.1 см		1 год	производителем	50 *С	1			Да	включения, уровня воды, температуры	8		1.7		нержавеющая сталь		Да	Да	Да					2400		Да								Китай		ТЭН	Да	поддержание температуры	розовый			
	1.25	новый	24.5*24.2*17 см		1 год	производителем	99-100 *С	0.7				включения, уровня воды	1	1	1.7		стекло/ пластик		Да	Да	Да		Да		Да	2200						новый		кнопка на корпусе		Китай		закрытая спираль	Да		черный	голубой		
	1.6	новый	24.8*22.6*17.1 см		1 год	производителем	100 *С	1				включения, уровня воды	1		1.7		нержавеющая сталь/ пластик		Да	Да	Да					2400						новый		кнопка на корпусе		Китай		ТЭН	Да		черный матовый			отсутствует
	1.6		27.5*22.6*17.1 см		1 год	производителем	50 *С	1			Да	включения, уровня воды, температуры	8		1.7		нержавеющая сталь		Да	Да	Да					2400		Да								Китай		ТЭН	Да	поддержание температуры	зеленый			
	1	новый	22*19*22.6 см		2 года	производителем	40-100 *С	0.7		Да		включения, уровня воды	1	1	1.7		нержавеющая сталь		Да	Да	Да		Да			2400						новый		нажатие		Китай	Да	диск	Да	снижения уровня шума	нержавеющая сталь/ черный			
	1.8		27.5*22.6*17.1 см		1 год	производителем	50 *С	1			Да	включения, уровня воды, температуры	8		1.7		нержавеющая сталь		Да	Да	Да					2400		Да								Китай		ТЭН	Да	поддержание температуры	красный			
	1.4		24*21.5*21.5 см		2 года	производителем	40-100 *С	0.8				включения, уровня воды	1	1	1.7		стекло/ металл/ пластик		Да	Да	Да		Да		Да	2200						новый		кнопка на корпусе		Китай		закрытая спираль	Да		прозрачный/ черный/ серебристый	голубой		отсутствует
	0.64		23.2*14.2*22 см		1 год	продавцом	40-100 *С	0.8				включения	1	1	1.8		нержавеющая сталь/ пластик		Да	Да	Да		Да			1500						новый		нажатие		Китай		диск			черный/ серебристый	отсутствует		отсутствует
	0.4		15*10*130 см		1 год	производителем	40-90 *С	0.7				включения, температуры	6	2	0.4		металл/ пластик		Да	Да						530		Да		Да			Да	кнопка на корпусе		Китай	Да	диск	Да	поддержание температуры, снижения уровня шума	молочный		Да	отсутствует
	1.3	новый	27*17.5*25 см		1 год	производителем	100 *С	0.7				включения, уровня воды, температуры	1	1	1.7		нержавеющая сталь		Да	Да	Да		Да			2150						новый		полностью съемная		Китай		ТЭН	Да		белый/ золотистый	отсутствует		отсутствует
	1.15	новый	26*15.5*23 см		1 год	производителем	99-100 *С	0.6				включения	1	2	1.5		пластик/ нержавеющая сталь		Да	Да	Да		Да		Да	1800						новый	Да	кнопка на корпусе		Китай		диск			черный			отсутствует
	1.3	новый	25.5*24*22.9 см		1 год	производителем	40-100 *С	0.7			Да	включения, уровня воды, температуры	6	1	1.7		стекло		Да	Да	Да		Да		Да	2200		Да				новый	Да	нажатие		Китай		ТЭН	Да	поддержание температуры	черный/ серебристый	синий	Да	отсутствует
	1.36	новый	24.5*20.6*18.4 см		2 года	производителем	100 *С	0.9				включения, уровня воды	1	1	1.5		пластик		Да	Да	Да		Да			2200						новый		нажатие		Китай		диск	Да		белый	отсутствует		отсутствует
	1.3	новый	27*17.5*25 см		1 год	производителем	100 *С	0.7				включения, уровня воды, температуры	1	1	1.7		нержавеющая сталь		Да	Да	Да		Да			2150						новый		полностью съемная		Китай		ТЭН	Да		черный/ серебристый	отсутствует		отсутствует
	1.05	новый	25*20.9*15.8 см		1 год	производителем	40-100 *С	0.6			Да	включения, уровня воды, температуры	7	1	1.7		нержавеющая сталь/ стекло/ пластик		Да	Да	Да		Да		Да	2200		Да		Да		новый		нажатие		Китай		ТЭН	Да	поддержание температуры	прозрачный/ черный	разноцветный	Да	отсутствует
	1.019	новый	24.6*16*24.3 см		2 года	производителем	100 *С	0.5				включения, уровня воды	1	1	1.7		пластик		Да	Да	Да					2400						новый		кнопка на корпусе		Китай		диск	Да		Серый	отсутствует		отсутствует
	3	новый	26.5*38.5*22 см		1 год	производителем	40-100 *С	0.75	Да		Да	уровня воды, температуры	2	1	1.7		нержавеющая сталь/ стекло		Да	Да	Да		Да			2200		Да				новый		нажатие		Китай		ТЭН		заваривание чая, поддержание температуры	нержавеющая сталь/ прозрачный	отсутствует	Да	отсутствует
	1.2	новый	23*22*15.5 см		1 год	производителем	100 *С	0.72				включения, уровня воды	1	1	1.5		нержавеющая сталь/ стекло		Да	Да	Да		Да		Да	2200						новый		нажатие		Китай		ТЭН	Да		нержавеющая сталь	голубой		отсутствует
	1.1		25*22.5*15.5 см		1 год	производителем	40-100 *С	0.7		Да	Да	включения, температуры	5	2	1.7		пластик/ металл		Да	Да	Да		Да			2000		Да		Да			Да	кнопка на корпусе		Китай		диск		поддержание температуры	черный		Да	отсутствует
	1.3	новый	26.5*20*23.2 см		1 год	производителем	60-100 *С	0.7			Да	включения, уровня воды, температуры	5	1	1.7		металл/ пластик		Да	Да	Да		Да			2200		Да				новый	Да	нажатие		Китай		ТЭН	Да	поддержание температуры	черный	отсутствует	Да	отсутствует
	1.34	новый	27*24*21 см		1 год	производителем	35-100 *С	1			Да	включения, уровня воды, температуры	66	1	2		стекло/ нержавеющая сталь/ пластик		Да	Да	Да		Да		Да	2000		Да		Да		новый	Да			Китай		диск	Да	поддержание температуры	черный	голубой	Да	
	0.95	новый	23.1*20.4*21.5 см		1 год	производителем	100 *С	0.7				включения, уровня воды	1	1	1.7		пластик		Да	Да	Да		Да			2200						новый		полностью съемная		Китай		ТЭН	Да		белый	отсутствует		отсутствует
	0.92	новый	24*22*18 см		3 года	производителем	100-100 *С	0.7				включения, уровня воды	5	2	1.7		металл/ стекло		Да	Да	Да	Да	Да		Да	2200		Да		Да	Да	новый		нажатие		Китай		диск	Да	поддержание температуры	серебристый/ прозрачный	разноцветный		
	1.6		24.8*22.6*17.1 см		1 год	производителем	100-100 *С	1				включения, уровня воды	1	1	1.7		нержавеющая сталь		Да	Да	Да		Да			2.4								кнопка на корпусе		Китай		закрытая спираль			матовый синий			отсутствует
	0.8	новый	21*21*17 см		1 год	производителем	100 *С	0.68				включения, уровня воды, температуры	1	1	1.7		нержавеющая сталь		Да	Да	Да		Да			2200						новый		нажатие		Китай		ТЭН	Да		белый	отсутствует		отсутствует
	1.22	новый	25*21*22.7 см		1 год	производителем	60-100 *С				Да	включения, уровня воды, температуры	5	1	1.7		металл		Да	Да	Да		Да			2200		Да				новый	Да	нажатие		Китай		ТЭН	Да	поддержание температуры	нержавеющая сталь	отсутствует	Да	отсутствует
	0.98	новый	22.9*23.5*16 см		1 год	производителем	100 *С	0.75				включения, уровня воды	1		1.7		нержавеющая сталь		Да	Да	Да		Да			2200						новый		нажатие		Китай		закрытая спираль	Да		белый			
	1.6		24.8*22.6*17.1 см		1 год	производителем	100-100 *С	1				включения, уровня воды	1	1	1.7		нержавеющая сталь		Да	Да	Да		Да			2.4						новый		нажатие		Китай		закрытая спираль			темно-синий		Да	отсутствует
	1.1	новый	24.3*15.3*20.7 см		1 год	производителем	40-100 *С	0.7			Да	включения, уровня воды, температуры	5	1	1.7		стекло/ металл		Да	Да	Да		Да		Да	2200		Да				новый	Да	нажатие		Китай		ТЭН	Да	поддержание температуры	прозрачный/ серебристый	разноцветный		отсутствует
	1.1		22.7*21.6*15.8 см		1 год	производителем	99-100 *С	0.7		Да		включения, уровня воды	1	1	1.8		пластик/ металл/ стекло		Да	Да	Да		Да		Да	2200								полностью съемная		Китай		диск	Да		черный	синий		отсутствует
	0.89	новый	22*25.5*15.2 см		1 год	производителем	100-100 *С	0.75				включения, температуры	1	1	1.7		пластик/ нержавеющая сталь		Да				Да			2150		Да				новый		полностью съемная		Китай		скрытый нагревательный элемент	Да		черный	отсутствует		отсутствует
	0.9	новый	15.6*21.6*21.5 см		1 год	производителем	100 *С	0.6				включения, уровня воды	1	1	1.8		стекло/ пластик		Да	Да	Да		Да		Да	2200						новый		нажатие		Китай		ТЭН			белый/ фиолетовый	синий		отсутствует
	1.2	новый	23.5*21.8*16.6 см		1 год	производителем	40-100 *С	0.7	Да		Да	включения, уровня воды, температуры	5	1	1.5		стекло/ металл/ пластик		Да	Да	Да		Да		Да	2200		Да				новый	Да	полностью съемная		Китай		ТЭН	Да	заваривание чая, поддержание температуры	прозрачный/ черный	разноцветный		отсутствует
	1.6	новый	26.5*21.3*24.5 см		1 год	производителем	100-100 *С	0.65				включения, уровня воды		2	1.5		пластик		Да	Да	Да		Да			2400						новый	Да	кнопка на корпусе		Китай	Да	ТЭН	Да	поддержание температуры, снижения уровня шума	черный	отсутствует		
	0.913	новый	22.9*15.1*21.2 см		3 года	производителем	100-100 *С	0.7				включения, уровня воды, температуры	1	1	1.7		нержавеющая сталь		Да	Да	Да					2200						новый		нажатие		Китай		закрытая спираль	Да		серебристый/ черный	отсутствует		отсутствует
	1.75	новый	26.5*23*22 см		1 год	производителем	40-100 *С	0.6	Да		Да	включения, уровня воды, температуры	7	1	1.7		нержавеющая сталь/ пластик		Да	Да	Да	Да	Да		Да	2200		Да				новый		полностью съемная		Китай		диск	Да	заваривание чая, поддержание температуры	серебристый/ прозрачный	голубой	Да	отсутствует
	1.12	новый	23.8*22*15 см		1 год	производителем	100-100 *С	0.65				включения, уровня воды	1	1	1.7		нержавеющая сталь/ стекло/ пластик		Да	Да			Да		Да	2200						новый		кнопка на корпусе		Китай		диск	Да		черный	голубой		отсутствует
	1	новый	24*17*17 см		2 года	производителем	40-100 *С	0.9				включения, уровня воды	1	1	1.7		стекло		Да	Да	Да		Да		Да	2200						новый		кнопка на корпусе		Китай	Да	диск	Да	снижения уровня шума	нержавеющая сталь/ прозрачный	белый		
	0.98	новый	22.7*16.6*22 см		1 год	производителем	100 *С	0.74				включения, уровня воды, температуры	1	1	1.7		металл		Да	Да	Да		Да			2200						новый		нажатие		Китай		ТЭН	Да		графитовый	отсутствует		отсутствует
	0.95	новый	23.6*21*15 см		1 год	производителем	100 *С	0.63				включения, уровня воды	1	1	1.7		пластик/ стекло		Да	Да	Да		Да		Да	2200						новый		нажатие		Китай		ТЭН	Да		черный/ голубой	голубой		отсутствует
	3.03	новый	38.5*26.5*22 см		1 год	производителем	70-100 *С	0.75	Да		Да	включения, уровня воды, температуры	30	1	1.7		стекло/ пластик		Да	Да	Да		Да			2200		Да		Да		новый	Да	нажатие		Китай		ТЭН		заваривание чая, поддержание температуры	нержавеющая сталь/ черный	отсутствует	Да	отсутствует
	1.1		25*21.5*15 см		1 год	производителем	40-100 *С	0.65			Да	включения, уровня воды, температуры	6	2	1.5		пластик/ стекло		Да	Да	Да		Да		Да	1500		Да		Да			Да	кнопка на корпусе		Китай		диск		поддержание температуры	черный	разноцветный	Да	отсутствует
	0.94	новый	23.7*22.5*15.9 см		1 год	производителем	40-100 *С	0.69			Да	включения, уровня воды, температуры	5	1	1.7		стекло/ пластик		Да	Да	Да		Да		Да	2200		Да				новый	Да	нажатие		Китай		ТЭН	Да	поддержание температуры	белый/ оранжевый	разноцветный		отсутствует
	0.75	новый	23*17*21 см		1 год	производителем	1-100 *С	1				включения	1	1	1.8		нержавеющая сталь/ пластик		Да	Да	Да		Да			1500						новый		нажатие		Китай		диск			бежевый	отсутствует		отсутствует
	0.69	новый	18*14.5*23.8 см		1 год	производителем	100 *С	0.7				включения, уровня воды	1	1	1		нержавеющая сталь		Да	Да	Да		Да			1630						новый		полностью съемная		Китай		диск	Да		белый/ черный	отсутствует		отсутствует
	0.7	новый	18*14.5*21.5 см		1 год	производителем	100 *С	0.7				включения, уровня воды	1	1	1		нержавеющая сталь		Да	Да	Да		Да			1630						новый		полностью съемная		Китай		диск	Да		золотистый/ черный	отсутствует		отсутствует
	0.9	новый	23.3*21.5*17 см		1 год	производителем	40-100 *С	0.7			Да	включения, уровня воды, температуры	7	1	1.7		нержавеющая сталь/ пластик		Да	Да	Да		Да			2200		Да		Да		новый		полностью съемная		Китай		ТЭН	Да	поддержание температуры	черный	отсутствует	Да	отсутствует
	1.27	новый	20.2*26.5*22.4 см		3 года	производителем	60-100 *С	0.7			Да	включения, уровня воды, температуры	5	1	1.7		нержавеющая сталь/ стекло		Да	Да	Да		Да		Да	2200		Да				новый	Да	кнопка на корпусе		Китай		закрытая спираль	Да	поддержание температуры	серебристый	синий	Да	отсутствует
	0.63		22*23*16 см		1 год	продавцом	40-100 *С					включения		1	1.8		нержавеющая сталь		Да	Да	Да		Да			1500								нажатие		Китай		диск			черный	отсутствует		отсутствует
	0.74	новый	22.8*20.7*15.9 см		1 год	производителем	80-100 *С	0.7	Да			включения, уровня воды	1		1.7		пищевой термостойкий пластик		Да				Да		Да	2200						новый		кнопка на корпусе		Китай		диск	Да	заваривание чая	белый/ бежевый	синий		отсутствует
	0.79	новый	21.6*20.8*16.8 см		1 год	производителем	20-100 *С	0.75				включения, уровня воды, температуры	1	1	1.7		металл		Да	Да	Да		Да			2200						новый		нажатие		Китай		закрытая спираль			голубой	отсутствует		
	0.9	новый	21*18.5*22 см		1 год	производителем	10-100 *С	0.72				включения, уровня воды, температуры	1	1	1.7		металл		Да	Да	Да		Да			2200						новый		полностью съемная		Китай		закрытая спираль	Да		белый	отсутствует		отсутствует
	0.82	новый	24.2*22*14.6 см		1 год	производителем	100 *С	0.75				включения, уровня воды	1	1	1.7		стекло/ пластик		Да	Да	Да		Да		Да	2200						новый		нажатие		Китай		закрытая спираль	Да		прозрачный/ белый	голубой		отсутствует
	1	новый	19.5*19.5*22 см		2 года	производителем	40-100 *С	0.8				включения, уровня воды, температуры	1	1	1.7		сталь		Да	Да	Да					2200						новый		полностью съемная		Китай		ТЭН	Да		молочный жемчуг	отсутствует		отсутствует
	1	новый	20*13*23.5 см		2 года	производителем	40-100 *С	0.8				включения, уровня воды	7	1	1.7		нержавеющая сталь		Да	Да	Да				Да	2200		Да		Да		новый	Да	нажатие		Китай		ТЭН	Да	поддержание температуры	серебристый	разноцветный		отсутствует
	0.93	новый	23*22.2*15.6 см		1 год	производителем	10 *С	0.75				включения, уровня воды	1	1	1.7		стекло/ пластик		Да	Да	Да		Да		Да	2200		Да				новый		нажатие		Китай		закрытая спираль	Да		голубой	голубой		отсутствует
	1	новый	20*18*18 см		2 года	производителем	100-100 *С	0.7				включения, уровня воды	1	1	1.7		пластик		Да	Да	Да		Да			2200						новый		полностью съемная		Китай		диск	Да		черный	отсутствует		отсутствует
	0.79	новый	24.2*22.1*16 см		1 год	производителем	80-100 *С	0.7	Да			включения, уровня воды	1		1.7		пищевой термостойкий пластик		Да	Да	Да		Да		Да	2200						новый		кнопка на корпусе		Китай		диск	Да	заваривание чая	черный	синий		отсутствует
	0.79	новый	24.2*22.1*16 см		1 год	производителем	80-100 *С	0.7	Да			включения, уровня воды	1	2	1.7		пищевой термостойкий пластик		Да	Да	Да				Да	2200						новый		кнопка на корпусе		Китай		диск	Да	заваривание чая	белый	синий		отсутствует
	1.19	новый	23.2*23.8*16 см		1 год	производителем	100 *С	0.8				включения, уровня воды	1		1.7		закаленное стекло		Да	Да	Да				Да	2200						новый		кнопка на корпусе		Китай		диск	Да		серебристый	синий		отсутствует
	0.6	новый	18.6*14.2*16.9 см		1 год	производителем	100 *С	0.8				включения, уровня воды	1	1	0.5		пластик		Да	Да	Да		Да			650						новый		нажатие		Китай	Да	диск	Да	снижения уровня шума	белый/ бежевый	отсутствует		отсутствует
	1.34	новый	19*10*18 см		2 года	производителем	100 *С	0.9				включения, уровня воды	1	2	1.7		металл/ пластик		Да	Да	Да		Да			1800						новый	Да	кнопка на корпусе		Китай	Да	диск	Да	снижения уровня шума	белый	отсутствует		отсутствует
	1.175	новый	23.9*15.8*21.4 см		3 года	производителем	100-100 *С	0.7				включения, уровня воды	1	1	1.7		нержавеющая сталь/ стекло		Да	Да	Да				Да	2200						новый		нажатие		Китай		закрытая спираль	Да		серебристый	синий		отсутствует
	0.93	новый	23*22.2*15.6 см		1 год	производителем	10 *С	0.75				включения, уровня воды	1	1	1.7		стекло/ пластик		Да	Да	Да		Да		Да	2200		Да				новый		нажатие		Китай		закрытая спираль	Да		белый	голубой		отсутствует
	1.3	новый	25*21.5*15.5 см		1 год	производителем	40-100 *С	0.72			Да	включения, уровня воды, температуры	5	1	1.7		нержавеющая сталь/ стекло		Да	Да	Да		Да		Да	2200		Да				новый		нажатие		Китай		ТЭН	Да	поддержание температуры	нержавеющая сталь	разноцветный	Да	отсутствует
	0.9	новый	12.5*20*18.5 см		1 год	производителем	100 *С	0.75				включения, уровня воды	1	2	0.5		нержавеющая сталь/ пластик		Да	Да	Да		Да			1100						новый		полностью съемная		Китай		ТЭН	Да		синий	отсутствует		отсутствует
	1.33	новый	24.8*14.5*22 см		1 год	производителем	40-100 *С	0.7			Да	включения, уровня воды, температуры	13	1	1.7		нержавеющая сталь/ стекло		Да	Да	Да		Да		Да	2100		Да				новый	Да	полностью съемная		Китай		диск		поддержание температуры	нержавеющая сталь	голубой	Да	отсутствует
	0.9	новый	15.9*29.4*20.8 см		1 год	производителем	70-100 *С	0.7			Да	включения, температуры	6	1	1		нержавеющая сталь		Да	Да	Да		Да			2100		Да				новый	Да	полностью съемная		Китай		ТЭН	Да	поддержание температуры	серебристый металлик	отсутствует	Да	отсутствует
	0.82	новый	22*15*20 см		1 год	производителем	100 *С	0.75				включения, уровня воды	1	1	1.7		металл/ пластик		Да	Да	Да		Да		Да	2200						новый		нажатие		Китай		диск	Да		нержавеющая сталь	синий		отсутствует
	1.027	новый	25.2*22.3*16 см		1 год	производителем	40-100 *С	0.6	Да		Да	включения, уровня воды, температуры	5	1	2		пластик/ стекло		Да	Да	Да		Да		Да	2200		Да				новый	Да	полностью съемная		Китай		диск		заваривание чая, поддержание температуры	черный/ прозрачный	зеленый/ желтый/ красный		отсутствует
	0.98	новый	22.8*23.3*16 см		1 год	производителем	100-100 *С	0.75			Да	включения, уровня воды	1	1			нержавеющая сталь		Да	Да	Да		Да			2200						новый				Китай		ТЭН	Да		серебристый			
	1.1	новый	25.2*15.9*23 см		1 год	производителем	100-100 *С	0.7				включения, уровня воды	1	2	1.5		пластик/ металл		Да	Да	Да		Да			2200						новый	Да	кнопка на корпусе		Китай		ТЭН	Да	поддержание температуры	белый	отсутствует		
	1	новый	22*16*18 см		2 года	производителем	40-100 *С	0.8				включения, уровня воды, температуры	7	1	1.7		нержавеющая сталь		Да	Да						2200		Да				новый		нажатие		Китай		закрытая спираль	Да	поддержание температуры	бежевый	отсутствует	Да	отсутствует
	1.18	новый	27.2*22.7*16.5 см		1 год	производителем	40-100 *С	0.7			Да	включения, температуры	13		1.6		пластик		Да	Да	Да		Да			1500		Да		Да		новый	Да	кнопка на корпусе		Китай	Да	диск		поддержание температуры, снижения уровня шума	черный		Да	отсутствует
	1.2	новый	22*17*21.3 см		2 года	производителем	40-100 *С	0.75	Да		Да	включения, уровня воды, температуры	4	1	1		термостекло		Да	Да	Да		Да			2200		Да				новый	Да	полностью съемная		Китай		ТЭН	Да	заваривание чая, поддержание температуры	бежевый	отсутствует		отсутствует
	0.935	новый	23*17.8*15 см		1 год	производителем	80-100 *С	0.75	Да			включения, уровня воды	1		2		термостойкое стекло		Да	Да	Да		Да		Да	2000						новый		кнопка на корпусе		Китай		ТЭН		заваривание чая	черный	синий		отсутствует
	1.12	новый	23.5*21*15 см		1 год	производителем	45-100 *С	0.8				включения, уровня воды, температуры	5	1	1.7		нержавеющая сталь		Да	Да	Да		Да			2200		Да		Да		новый	Да	полностью съемная		Китай		скрытый нагревательный элемент	Да	поддержание температуры	стальной		Да	
	0.79	новый	23.5*21.6*15.7 см		1 год	производителем	100 *С	0.75				включения, уровня воды	1	1	1.7		пластик		Да	Да	Да		Да			2200						новый		нажатие		Китай		закрытая спираль	Да		черный/ серебристый	отсутствует		отсутствует
	1.09	новый	25*21.8*15 см		1 год	производителем	100 *С	0.7				включения, уровня воды	1	1	2		стекло/ пластик		Да	Да	Да				Да	2200						новый		нажатие		Китай		ТЭН	Да		оранжевый	синий		отсутствует
	1.055	новый	28*19.5*19.5 см		1 год	производителем	1-100 *С	1				включения, уровня воды	1	1	1.8		жаропрочное стекло		Да	Да	Да		Да		Да	1500						новый		нажатие		Китай		диск			бордовый	синий		отсутствует
	1.1	новый	23.5*14.5*20.5 см		1 год	производителем	100-100 *С	0.76				включения, уровня воды	1	1	1.5		стекло/ пластик		Да	Да	Да		Да			1500						новый		нажатие		Китай		диск			белый	отсутствует		отсутствует
	1.4		21*23.5*15 см		2 года	производителем	100 *С	0.73				включения, уровня воды, температуры	15	1	1.8		металл/ стекло/ пластик		Да	Да	Да				Да	2200	Да	Да		Да	Да	новый	Да	ручное		Китай	Да	закрытая спираль	Да	поддержание температуры, снижения уровня шума	нержавеющая сталь	разноцветный	Да	умный дом Polaris IQ Home
	1.15	новый	24*21*25 см		1 год	производителем	100 *С	0.75				включения, уровня воды	1	1	1.8		металл/ стекло		Да	Да	Да		Да		Да	2200						новый				Китай		диск	Да		графитовый			
	1	новый	22.5*23.5*15.6 см		1 год	производителем	100 *С	0.75				включения, уровня воды, температуры	1	1	1.7		металл		Да	Да	Да		Да			2200						новый		кнопка на корпусе		Китай		закрытая спираль	Да		бронзовый	отсутствует		отсутствует
	0.72	новый	21.4*19.8*15.6 см		1 год	производителем	100 *С	0.75				включения, уровня воды	1	1	1.5		пластик		Да	Да	Да		Да		Да	2200						новый		нажатие		Китай		закрытая спираль	Да		белый	синий		отсутствует
	1.13	новый	23*22.2*15.6 см		1 год	производителем	20-100 *С	0.75				включения, уровня воды	1	1	1.7		стекло/ пластик		Да	Да	Да		Да		Да	2200						новый		нажатие		Китай		закрытая спираль	Да		красный	голубой		отсутствует
	0.79	новый	23.5*21.6*15.7 см		1 год	производителем	100 *С	0.75				включения, уровня воды	1	1	1.7		пластик		Да	Да	Да		Да			2200						новый		нажатие		Китай		закрытая спираль	Да		белый/ серебристый	отсутствует		отсутствует
	0.532	новый	18.5*15*15 см		1 год	производителем	100 *С	1.2				включения, уровня воды	1	1	1.7		пластик		Да	Да	Да		Да			2200						новый		нажатие		Китай		ТЭН	Да		белый	отсутствует		отсутствует
	0.875	новый	22.8*22.5*16 см		1 год	производителем	80-100 *С	0.7	Да			включения, уровня воды	1	2	1.7		нержавеющая сталь		Да	Да	Да		Да			2200						новый		кнопка на корпусе		Китай		диск		заваривание чая	белый/ серый			отсутствует
	1.44	новый	27*22*19 см		2 года	производителем	100-100 *С	1				включения, уровня воды	1	2	1.7		пластик/ металл		Да	Да	Да		Да			2400						новый	Да	нажатие		Китай		ТЭН	Да	поддержание температуры	черный	отсутствует		отсутствует
	0.9	новый	25.5*15.5*15.5 см		2 года	производителем	100 *С	0.8				включения, уровня воды	1	1	1.7		пластик		Да	Да	Да		Да			2400						новый		нажатие		Китай		ТЭН	Да		белый/ бежевый	отсутствует		отсутствует
	1.2	новый	25*18*25 см		2 года	производителем	100 *С	0.7				уровня воды	1	1	1.7		термостойкое стекло		Да	Да			Да		Да	2200						новый		кнопка на корпусе		Китай		ТЭН	Да		нержавеющая сталь/ черный	голубой		отсутствует
	1	новый	24.1*22.2*15.6 см		1 год	производителем	100 *С	0.7				включения, уровня воды, температуры	1	1	1.7		металл		Да	Да	Да		Да			2200						новый		полностью съемная		Китай		ТЭН	Да		лавандовый	отсутствует		отсутствует
	1.3	новый	24.5*22*15 см		2 года	производителем	100 *С					включения, уровня воды	1	1	1.7		стекло/ металл		Да	Да	Да		Да		Да	2200						новый		нажатие		Китай	Да	диск	Да	снижения уровня шума	нержавеющая сталь/ белый	синий		отсутствует
	1.09	новый	24.3*22.2*16 см		1 год	производителем	50-100 *С	0.75			Да	включения, уровня воды, температуры	5	1	1.7		стекло		Да	Да	Да		Да		Да	2200		Да				новый	Да	кнопка на корпусе		Китай		ТЭН	Да	поддержание температуры	слоновая кость	разноцветный		отсутствует
	0.93	новый	24*19*19 см		1 год	производителем	1-100 *С	1.5				включения	1	2	1.8		пластик		Да	Да	Да		Да			1500						новый		нажатие		Китай		ТЭН			красный	отсутствует		отсутствует
	0.87	новый	21*17*20 см		1 год	производителем	1-100 *С	1				включения, уровня воды	1	1	1.7		пластик		Да	Да	Да		Да			2200						новый		нажатие		Китай		диск	Да		бежевый	отсутствует		отсутствует
	1.2	новый	22.5*17*21 см		2 года	производителем	100-100 *С	0.8				включения, уровня воды	1	1	2		термостекло		Да	Да	Да		Да		Да	2200						новый		кнопка на корпусе		Китай		диск	Да		белый	синий		отсутствует
	0.79	новый	21.6*20.8*16.8 см		1 год	производителем	20-100 *С	0.75				включения, уровня воды, температуры	1	1	1.7		металл		Да	Да	Да		Да			2200						новый		нажатие		Китай		закрытая спираль			бежевый	отсутствует		отсутствует
	1.07	новый	24.3*21.5*15.1 см		1 год	производителем	100 *С	0.6				включения, уровня воды	1	1	1.7		нержавеющая сталь/ стекло/ пластик		Да	Да	Да		Да		Да	2200						новый		нажатие		Китай		ТЭН	Да		прозрачный/ черный	синий		отсутствует
	0.97	новый	23*19*17 см		1 год	производителем	10-100 *С	1.4				включения, уровня воды	1	1	1.7		пластик		Да	Да	Да		Да			2200						новый		нажатие		Китай		диск	Да		белый	отсутствует		отсутствует
	0.9	новый	24*19*19 см		1 год	производителем	1-100 *С	1.5				включения	1	2	1.8		пластик/ сталь		Да	Да	Да		Да			1500						новый		нажатие		Китай		диск			черный	отсутствует		отсутствует
	0.958	новый	23.2*18*18 см		1 год	производителем	100-100 *С	0.7				включения, уровня воды	1	1	1.6		сталь/ пластик		Да	Да	Да					2000						новый		полностью съемная		Китай		диск			зеленый	отсутствует		отсутствует
	0.9	новый	23.5*17.5*21.5 см		1 год	производителем	1-100 *С	1				включения	1	1	2		нержавеющая сталь/ пластик		Да	Да	Да		Да			1500						новый		нажатие		Китай		диск			серебристый	отсутствует		отсутствует
	1.183		25*17.7*23.9 см		2 года	производителем	100 *С					включения, уровня воды	1	1	1.7		нержавеющая сталь		Да	Да	Да		Да			2400						новый		кнопка на корпусе		Китай		закрытая спираль	Да		белый	отсутствует		отсутствует
Да	1.15	новый	26.3*17.5*23.9 см		3 года	производителем	100-100 *С	0.65				включения, температуры	5	2	1.5		пластик		Да	Да	Да	Да	Да			2200		Да		Да	Да	новый	Да	нажатие		Китай	Да	закрытая спираль	Да	поддержание температуры, снижения уровня шума	белый	отсутствует	Да	
	1.4	новый	24*19*23 см		1 год	производителем	40-100 *С	1	Да			включения, уровня воды, температуры	4	1	1.5		термостекло		Да	Да	Да					2200		Да				новый	Да	полностью съемная		Китай		диск	Да	заваривание чая, поддержание температуры	бежевый	отсутствует		отсутствует
	1.26	новый	22*21.5*16 см		1 год	производителем	100 *С	0.75				включения, уровня воды	1	1	1.7		стекло/ сталь		Да	Да	Да		Да		Да	2200						новый		кнопка на корпусе		Китай		закрытая спираль	Да		прозрачный	синий		отсутствует
	1.25	новый	23.8*20.8*20.2 см		2 года	производителем	40-100 *С	0.8			Да	включения, уровня воды, температуры	1		1.7		сталь		Да		Да		Да			2200		Да				новый	Да	нажатие		Китай		закрытая спираль	Да	поддержание температуры	нержавеющая сталь	отсутствует	Да	отсутствует
	1.4	новый			1 год	производителем	100-100 *С					включения, уровня воды	1	1	2		стекло/ пластик		Да	Да	Да		Да		Да	2200						новый		кнопка на корпусе		Китай		диск	Да		белый	синий		отсутствует
	0.93	новый	21*20*14.5 см		1 год	производителем	100 *С	0.7				включения, уровня воды	1		1.7		стекло		Да	Да			Да		Да	1800						новый		кнопка на корпусе		Китай		закрытая спираль			стальной/ черный	голубой		отсутствует
	0.8	новый	17.5*17.5*20 см		2 года	производителем	100-100 *С	0.7				включения, уровня воды, температуры	1	1	1		нержавеющая сталь		Да	Да	Да		Да			2200						новый		полностью съемная		Китай		диск	Да		бежевый	отсутствует		отсутствует
	0.94	новый	23.5*16.7*22.5 см		1 год	производителем	100 *С	0.72		Да		включения, уровня воды, температуры	1	1	1.5		термостекло		Да	Да	Да		Да		Да	1800						новый		полностью съемная		Китай		ТЭН	Да		черный/ прозрачный	синий		отсутствует
	1.05		26*21.5*16.5 см		1 год	производителем	20-100 *С	0.75				уровня воды, температуры	1	1	1.7		нержавеющая сталь/ пластик		Да	Да			Да			1850								полностью съемная		Китай		диск	Да		черный/ синий/ оранжевый	отсутствует		отсутствует
	1	новый	20*20*17 см		1 год	производителем	10-100 *С	0.8				включения, уровня воды	1	1	1.7		нержавеющая сталь		Да	Да	Да		Да			2200						новый		кнопка на корпусе		Китай		диск	Да		серебристый	отсутствует		отсутствует
	0.86		24.8*14.9*20.8 см		1 год	продавцом	40-100 *С					включения, уровня воды	1	1	1.8		нержавеющая сталь/ пластик		Да	Да	Да		Да			2200						новый		кнопка на корпусе		Китай		диск			серебристый	отсутствует		отсутствует
	1.3	новый	24.9*21.8*15.4 см		1 год	производителем	100-100 *С					включения, уровня воды	1	1	2		стекло/ пластик		Да	Да	Да		Да		Да	2200						новый		кнопка на корпусе		Китай		диск	Да		черный	голубой		отсутствует
	1.07	новый	24.4*21.6*15.1 см		1 год	производителем	20-100 *С	0.75				включения, уровня воды	1	1	1.7		стекло/ нержавеющая сталь		Да	Да	Да		Да		Да	2200		Да				новый		нажатие		Китай		закрытая спираль	Да		нержавеющая сталь/ черный	синий		отсутствует
	1.18	новый	23.5*19*19 см		1 год	производителем	100-100 *С	0.7				включения, уровня воды	1	1	1.7		стекло		Да	Да	Да				Да	1800						новый		нажатие		Китай		диск			черный	синий		отсутствует
	1.035	новый	17.1*22.4*23.3 см		2 года	производителем	10-100 *С	0.9		Да		включения, уровня воды	1	1	1.7		пластик/ нержавеющая сталь		Да	Да	Да		Да			2400						новый		нажатие		Китай	Да	закрытая спираль	Да	снижения уровня шума	красный	отсутствует		отсутствует
	1.8	новый	22*15*25 см		1 год	производителем	70-100 *С	1.1	Да		Да	включения, уровня воды, температуры	4	1	1.7		нержавеющая сталь/ стекло		Да	Да	Да					3000		Да				новый		нажатие		Китай		диск	Да	заваривание чая, поддержание температуры	нержавеющая сталь/ прозрачный	отсутствует		отсутствует
	1.16	новый	24.4*21.6*16.1 см		1 год	производителем	100 *С	0.65				включения	1	1	1.7		нержавеющая сталь/ стекло		Да	Да	Да		Да		Да	2200						новый		кнопка на корпусе		Китай		диск	Да	поддержание температуры	нержавеющая сталь / черный	красный/ синий/ фиолетовый		
	1.25	новый	26.5*15.9*21.6 см		1 год	производителем	20-100 *С	0.75			Да	включения, уровня воды, температуры	3	1	1.7		пластик/ стекло		Да	Да	Да		Да			2200		Да		Да		новый	Да	нажатие		Китай	Да	закрытая спираль	Да	поддержание температуры, снижения уровня шума	черный	отсутствует	Да	отсутствует
	0.78	новый	25*21*15 см		1 год	производителем	100 *С	0.75				включения	1	2	1.8		термостойкий пластик		Да	Да	Да		Да			1500						новый		нажатие		Китай		ТЭН	Да		бордовый	отсутствует		отсутствует
	0.98	новый	26*21*15.1 см		1 год	производителем	25-100 *С	0.75				включения, уровня воды	1	2	1.7		металл/ пластик		Да	Да			Да			2200						новый		нажатие		Китай		закрытая спираль			Синий	отсутствует		отсутствует
	0.79	новый	21.6*20.8*16.8 см		1 год	производителем	20-100 *С	0.75				включения, уровня воды, температуры	1	1	1.7		металл		Да	Да	Да		Да			2200						новый		нажатие		Китай		закрытая спираль			нержавеющая сталь	отсутствует		отсутствует
	1.15	новый	24*14.5*21 см		1 год	производителем	100 *С	0.75				включения, уровня воды	1		1.8		стекло/ пластик		Да	Да	Да		Да		Да	2200						новый		кнопка на корпусе		Китай		закрытая спираль	Да		белый	синий		отсутствует
	0.9	новый	24.5*21.8*14.2 см		1 год	производителем	100-100 *С	0.65				включения, уровня воды	1	2	1.5		пластик/ нержавеющая сталь		Да	Да	Да		Да			1500						новый		кнопка на корпусе		Китай		диск	Да		серый	отсутствует		
	0.733	новый	20.5*17*20.5 см		1 год	производителем	1-100 *С	1				включения	1	1	1.5		нержавеющая сталь/ пластик		Да	Да	Да		Да			1500						новый		нажатие		Китай		диск			серебристый	отсутствует		отсутствует
	1.25	новый	24*21*16 см		1 год	производителем	40-100 *С	0.7			Да	включения, уровня воды	3	1	1.7		стекло закаленное		Да	Да	Да		Да		Да	2400		Да				новый				Китай	Да	закрытая спираль	Да	снижения уровня шума	серый	синий		
	1.03		25.3*21.5*18.5 см		1 год	производителем	100-70 *С	0.7				включения, температуры	13	2	1.7		пластик		Да	Да	Да	Да	Да			2200		Да		Да		новый	Да	кнопка на корпусе		Китай		диск	Да	поддержание температуры	черный		Да	отсутствует
	1	новый	22*18*23 см		2 года	производителем	100 *С	0.75				включения, уровня воды	1	1	1.7		стекло/ пластик		Да	Да	Да		Да		Да	2200						новый		кнопка на корпусе		Китай		диск	Да		алюминий/ нержавеющая сталь	синий		отсутствует
	1	новый	28*19.5*19 см		1 год	производителем	100 *С	0.75				включения, уровня воды	1	1	1.8		пластик/ стекло		Да	Да	Да		Да		Да	1500						новый		нажатие		Китай		диск			белый/ прозрачный	голубой		отсутствует
	1.2	новый	22.5*17*21 см		2 года	производителем	100-100 *С	0.6				включения, уровня воды	1	1	2		термостекло		Да	Да	Да		Да		Да	2200						новый		кнопка на корпусе		Китай		диск	Да		белый	синий		отсутствует
	0.96	новый	22.7*21*16.5 см		1 год	производителем	100 *С	0.75				включения, уровня воды	1	1	1.7		нержавеющая сталь		Да	Да	Да		Да			2200						новый		кнопка на корпусе		Китай		диск	Да		стальной	отсутствует		отсутствует
	1.039	новый	24*19*19 см		1 год	производителем	100-100 *С	0.7				включения, уровня воды	1	1	1.8		стекло		Да	Да	Да				Да	1600						новый		нажатие		Китай		диск			черный	голубой		
	1.600	новый	26*24*19 см		2 года	производителем	40-100 *С	0.9			Да	включения, уровня воды, температуры	6	1	1.7		термостекло		Да	Да	Да		Да		Да	2200		Да		Да		новый	Да	кнопка на корпусе		Китай		диск	Да	поддержание температуры	черный/ хромированный	синий	Да	отсутствует
	1.12	новый	23.8*15.1*21.1 см		2 года	производителем	100 *С	0.7				уровня воды	1	1	1.7		стекло		Да		Да		Да			2200						новый		нажатие		Китай		ТЭН	Да		черный/ серебристый			
	1	новый	16.3*22.8*19.5 см		1 год	производителем	10-100 *С	1.5				включения, уровня воды	1	1	1.5		термостойкий пластик		Да	Да	Да		Да			3000						новый		кнопка на корпусе		Китай		диск	Да		черный	отсутствует		отсутствует
	0.9	новый	26*17.5*20.5 см		1 год	производителем	1-100 *С	1				включения	1	1	2.5		нержавеющая сталь/ пластик		Да	Да	Да		Да			1500						новый		нажатие		Китай		диск			серебристый	отсутствует		отсутствует
	1.7	новый	23*21*26 см		1 год	производителем	100 *С	0.8				включения	1	1	1.7		керамика		Да		Да		Да			2200						новый	Да	полностью съемная		Китай		ТЭН	Да		белый	отсутствует		отсутствует
	1.85		26.3*21*17.5 см		1 год	производителем	70-100 *С	0.8			Да	включения, уровня воды, температуры	4	2	1.5		нержавеющая сталь/ пластик		Да	Да	Да		Да			2400		Да				новый	Да	нажатие		Китай		закрытая спираль	Да	поддержание температуры	черный			отсутствует
	0.79	новый	21.6*20.8*16.8 см		1 год	производителем	20-100 *С	0.75				включения, уровня воды, температуры	1	1	1.7		металл		Да	Да	Да		Да			2200						новый		нажатие		Китай		закрытая спираль			мятный	отсутствует		отсутствует
	0.93	новый	23*22.2*15.6 см		1 год	производителем	10 *С	0.75				включения, уровня воды	1	1	1.7		стекло/ пластик		Да	Да	Да		Да		Да	2200		Да				новый		нажатие		Китай		закрытая спираль	Да		зеленый	голубой		отсутствует
	1.18	новый	15.5*25.5*22.5 см		1 год	производителем	40-100 *С	0.68				включения, уровня воды	1	1	1.8		стекло/ металл/ пластик		Да	Да	Да		Да		Да	2200						новый		нажатие		Китай		ТЭН	Да		серебристый/ прозрачный	синий		отсутствует
Да	1.1		23.4*16.3*21.8 см		1 год	производителем	35-100 *С	0.65			Да	включения, уровня воды, температуры	5	2	1.7	Да	пластик/ нержавеющая сталь		Да	Да	Да		Да			2200		Да	Да	Да	Да	новый	Да	кнопка на корпусе		Китай		диск	Да	поддержание температуры	белый	отсутствует	Да	отсутствует
	1.02	новый	25*21*15.8 см		1 год	производителем	100 *С	0.7				включения, уровня воды	1	1	1.7		нержавеющая сталь/ стекло/ пластик		Да	Да	Да		Да		Да	2200						новый		нажатие		Китай		ТЭН	Да		прозрачный/ черный	синий		отсутствует
	0.79	новый	23.5*21.6*15.7 см		1 год	производителем	25-90 *С	0.75				включения, уровня воды, температуры	1	2	1.7		Пластик		Да	Да	Да		Да			2200						новый		нажатие		Китай		закрытая спираль	Да		белый	отсутствует		отсутствует
	1.2	новый	26.7*23.3*15.7 см		1 год	производителем	100-100 *С	0.7				включения, уровня воды	1		1.7		металл/ стекло		Да	Да	Да		Да		Да	2200						новый		кнопка на корпусе		Китай		ТЭН	Да		нержавеющая сталь	синий		отсутствует
	0.78	новый	23.5*17*20 см		1 год	производителем	1-100 *С	1				включения	1	1	1.8		нержавеющая сталь/ пластик		Да	Да	Да		Да			1500						новый		нажатие		Китай		диск			серебристый	отсутствует		отсутствует
	1.05	новый	24*19.5*20 см		1 год	производителем	100 *С	0.75				включения, уровня воды	1	1	1.7		нержавеющая сталь		Да	Да	Да		Да		Да	2200						новый		нажатие		Китай		ТЭН			стальной	синий		отсутствует
	1.18	новый	24.5*22.2*15.3 см		2 года	производителем	40-100 *С	0.75			Да	включения, уровня воды, температуры	1	2	1.7		пластик		Да	Да	Да		Да			2200		Да				новый		кнопка на корпусе		Китай		ТЭН	Да		желтый	отсутствует		отсутствует
	0.666	новый	23*16.5*20.3 см		1 год	производителем	100-100 *С	0.7				включения, уровня воды	1	1	1.6		сталь		Да	Да	Да					1600						новый		нажатие		Китай		диск			черный	отсутствует		отсутствует
	1.005	новый	21*18*21 см		1 год	производителем	1-100 *С	1	Да			включения, уровня воды	1	1	1		жаропрочное стекло		Да	Да	Да		Да			1100						новый	Да	кнопка на корпусе		Китай		диск		заваривание чая, поддержание температуры	бежевый	отсутствует		отсутствует
	1	новый	22.5*21*14 см		1 год	производителем	100-100 *С	0.8				включения, уровня воды	1	1	1.5		пластик		Да	Да	Да		Да			1500						новый		нажатие		Китай		ТЭН	Да		белый	отсутствует		отсутствует
	1.285	новый	25*18.5*22 см		1 год	производителем	1-100 *С	1				включения, уровня воды	1	1	1.7		жаропрочное стекло		Да	Да	Да		Да		Да	2200						новый		нажатие		Китай		диск	Да		черный	синий		отсутствует
	1.062	новый	23.7*18.9*18.9 см		1 год	производителем	100-100 *С	0.7				включения, уровня воды	1	1	1.6		стекло		Да	Да	Да				Да	1600						новый		нажатие		Китай		диск			черный	синий		отсутствует
	0.87	новый	23*18.5*14 см		1 год	производителем	80-100 *С	0.75	Да			включения, уровня воды	1		1.8		термостойкое стекло		Да	Да	Да		Да		Да	2000						новый		кнопка на корпусе		Китай		ТЭН		заваривание чая	черный	синий		отсутствует
	0.8	новый	21.5*14*20 см		2 года	производителем	100-100 *С	0.8				включения, уровня воды, температуры	1	1	1.7		нержавеющая сталь		Да	Да	Да		Да			2200						новый		кнопка на корпусе		Китай		диск	Да		черный	отсутствует		отсутствует
	1.175	новый	23.5*15.5*21 см		2 года	производителем	100-100 *С					включения, уровня воды	1	1	1.7		нержавеющая сталь		Да	Да	Да		Да			2200						новый		кнопка на корпусе		Китай		закрытая спираль	Да		нержавеющая сталь	отсутствует		отсутствует
	1.03		21.3*15.7*21.3 см		1 год	производителем	40-100 *С	0.75				включения, уровня воды, температуры	5	2	1.7		металл/ пластик		Да	Да	Да		Да			2200		Да				новый	Да	кнопка на корпусе		Китай		закрытая спираль	Да	поддержание температуры	белый		Да	отсутствует
	0.9	новый	22*17.5*17.5 см		2 года	производителем	100-100 *С	0.6				включения, уровня воды	1	1	1.7		пластик		Да	Да	Да		Да			2200						новый		полностью съемная		Китай		ТЭН	Да		черный	отсутствует		отсутствует
	0.91	новый	23*19*17 см		1 год	производителем	100 *С	0.75				включения, уровня воды	1	1	1.8		нержавеющая сталь		Да	Да	Да		Да			2300						новый		нажатие		Китай		диск	Да	поддержание температуры	серебристый металлик/ черный	отсутствует		отсутствует
Да	1.1		23.4*16.3*21.8 см		1 год	производителем	35-100 *С	0.65			Да	включения, уровня воды, температуры	5	2	1.7	Да	пластик/ нержавеющая сталь		Да	Да	Да		Да			2200	Да	Да		Да	Да	новый	Да	кнопка на корпусе		Китай		диск	Да	поддержание температуры	черный	отсутствует	Да	отсутствует
	1.1	новый	22*16*21 см		1 год	производителем	100 *С	0.75				включения, уровня воды	1	1	1.7		стекло		Да	Да	Да		Да		Да	2200						новый		нажатие		Китай		диск	Да		прозрачный/ черный	синий		отсутствует
	1	новый	23*16*17 см		2 года	производителем	30-100 *С	1				включения, уровня воды	1	1	1.7		Корпус из высокопрочного термостойкого стекла		Да	Да	Да				Да	2200						новый		нажатие		Китай		диск	Да		черный/ серебристый	голубой		отсутствует
	2.035	новый	23*20.5*25.5 см		1 год	производителем	1-100 *С	1				включения	1	1	1.5		керамика/ фарфор		Да	Да	Да		Да			1500						новый		полностью съемная		Китай		диск			белый	отсутствует		отсутствует
	1.66		26.3*17.5*21 см		1 год	производителем	70-100 *С	0.8			Да	включения, уровня воды	4	2	1.5		нержавеющая сталь		Да		Да		Да		Да	2400		Да					Да	нажатие		Китай		ТЭН	Да	поддержание температуры	белый		Да	отсутствует
	1.1	новый	24*15.9*21.2 см		1 год	производителем	40-100 *С	0.7		Да	Да	включения, уровня воды, температуры	8	1	1.7		нержавеющая сталь		Да	Да	Да		Да			2200		Да		Да		новый	Да	кнопка на корпусе		Китай		скрытый нагревательный элемент	Да	поддержание температуры	серебристый/ черный		Да	
	1.15		25.5*23.5*23.5 см		2 года	производителем	100-100 *С	0.5				включения, уровня воды	1	2	1.7		металл		Да	Да	Да		Да			2000						новый		полностью съемная		Китай		диск			матовый черный	отсутствует		отсутствует
	0.87		23*21.5*15 см		1 год	продавцом	40-90 *С	0.8				включения, уровня воды, температуры	7	1	1.8		стекло/ нержавеющая сталь/ пластик		Да	Да	Да		Да		Да	1500		Да		Да		новый	Да	нажатие		Китай		диск	Да	поддержание температуры	черный/ серебристый	синий		отсутствует
	1.06		26.5*16*22 см		1 год	производителем	40-90 *С	1			Да	включения, температуры	5	2	1.7		нержавеющая сталь/ пластик		Да	Да	Да		Да		Да	2200		Да		Да			Да	кнопка на корпусе		Китай		закрытая спираль	Да	поддержание температуры	бежевый		Да	отсутствует
	1.06		26.5*16*22 см		1 год	производителем	40-90 *С	1			Да	включения, температуры	5	2	1.7		нержавеющая сталь/ пластик		Да	Да	Да		Да		Да	2200		Да		Да			Да	кнопка на корпусе		Китай		закрытая спираль	Да	поддержание температуры	зеленый		Да	отсутствует
	0.72		24*16*23 см		1 год	производителем	30-100 *С	0.8		Да		включения	1	1	1.8		металл		Да				Да			1500						новый		нажатие		Китай		закрытая спираль			нержавеющая сталь/ черный	отсутствует		отсутствует
	1.4		25*19.5*21 см		2 года	производителем	40-100 *С	1		Да	Да	включения, уровня воды, температуры	5	2	1.5		пластик/ стекло		Да	Да	Да		Да		Да	1500		Да		Да			Да	кнопка на корпусе		Китай		ТЭН	Да	поддержание температуры	черный		Да	отсутствует
	1.02		24.5*22*17 см		3 года	производителем	50-100 *С	0.75				включения, уровня воды, температуры	6	1	1.7		нержавеющая сталь		Да	Да	Да		Да			2200		Да				новый	Да	кнопка на корпусе		Китай		диск	Да	поддержание температуры	нержавеющая сталь		Да	отсутствует
	1	новый	22*16*20 см		2 года	производителем	100-100 *С	1				включения, уровня воды, температуры	1	1	1.7		нержавеющая сталь		Да	Да	Да		Да			2200						новый		кнопка на корпусе		Китай		диск	Да		белый	отсутствует		отсутствует
	0.666	новый	23*16.5*20.3 см		1 год	производителем	100-100 *С	0.7				включения, уровня воды	1	1	1.6		сталь		Да	Да	Да					1600						новый		нажатие		Китай		диск			красный	отсутствует		отсутствует
	0.9	новый	22*17.5*17.5 см		2 года	производителем	100-100 *С	0.6				включения, уровня воды	1	1	1.7		пластик		Да	Да	Да		Да			2200						новый		полностью съемная		Китай		ТЭН	Да		белый	отсутствует		отсутствует
	0.75	новый	25*16.5*20.5 см		1 год	производителем	100-100 *С	0.7				включения, уровня воды	1		1.8		сталь/ пластик		Да	Да	Да					2200						новый		кнопка на корпусе		Китай		диск			белый	отсутствует		отсутствует
	1.4	новый	26.7*22*22.8 см		1 год	производителем	100-100 *С	0.8				включения, уровня воды	1	1	1.7		нержавеющая сталь						Да			2400						новый		нажатие		Китай		диск	Да		нержавеющая сталь	отсутствует		отсутствует
	0.8	новый	24*22*14 см		1 год	производителем	100-100 *С	0.75			Да	включения, уровня воды	1	1	1.7		нержавеющая сталь		Да	Да	Да		Да		Да	2200						новый				Китай		диск	Да		графитовый			
	0.99	новый	29.8*18.4*20.4 см		2 года	производителем	100 *С	1				включения, уровня воды	1	2	1.5		нержавеющая сталь		Да	Да	Да		Да			2000						новый	Да	кнопка на корпусе		Китай		ТЭН	Да	поддержание температуры	серый	отсутствует		отсутствует
	0.75	новый	22*16.5*20.3 см		1 год	производителем	100-100 *С	0.7				включения, уровня воды	1	1	1.8		сталь/ пластик		Да	Да	Да					1800						новый		нажатие		Китай		диск			черный	отсутствует		отсутствует
	1.3	новый	25.1*16.5*15.5 см		1 год	производителем	60-100 *С	0.8	Да		Да	включения, уровня воды, температуры	4	1	1.7		металл/ пластик		Да	Да	Да		Да			2200		Да		Да		новый	Да	кнопка на корпусе		Китай		закрытая спираль	Да	заваривание чая, поддержание температуры	черный		Да	отсутствует
	1.45		24*20*17.5 см		2 года	производителем	40-100 *С	1.1	Да		Да	включения, уровня воды, температуры	6	2	1.5		пластик/ стекло		Да	Да	Да		Да		Да	220		Да		Да		новый	Да	нажатие		Китай		диск	Да	заваривание чая, поддержание температуры	белый лотос	голубой	Да	отсутствует
	0.94	новый	25.5*21.7*17 см		1 год	производителем	10-90 *С	0.75				включения, уровня воды, температуры	1	2	1.7		нержавеющая сталь		Да	Да	Да		Да			2150						новый		кнопка на корпусе		Китай		ТЭН	Да		белый	отсутствует		отсутствует
	1.1	новый			2 года	производителем	100-100 *С	0.7				включения, уровня воды	1	1	1.7		пластик		Да	Да	Да		Да			2200						новый		кнопка на корпусе		Китай		диск	Да		белый	отсутствует		отсутствует
	0.8	новый	23*18*18 см		1 год	производителем	100-100 *С	0.75				включения, уровня воды	1	1	2		металл		Да	Да	Да		Да			1500						новый		нажатие		Китай		диск			нержавеющая сталь	отсутствует		отсутствует
	0.295	новый	12.3*14*12.3 см		1 год	производителем	100-100 *С	0.7				включения, уровня воды	1	1	0.5		пластик		Да	Да	Да		Да			500						новый				Россия		закрытая спираль	Да		салатовый	отсутствует		отсутствует
	1.4	новый	27*19.5*23 см		2 года	производителем	40-100 *С	0.9				включения, уровня воды, температуры	1	2	1.7		нержавеющая сталь/ пластик		Да	Да	Да		Да			2200		Да		Да		новый	Да			Китай		диск	Да	поддержание температуры	черный	отсутствует	Да	отсутствует
	1.06		26.5*16*22 см		1 год	производителем	40-90 *С	1			Да	включения, температуры	5	2	1.7		нержавеющая сталь/ пластик		Да	Да	Да		Да		Да	2200		Да		Да			Да	кнопка на корпусе		Китай		закрытая спираль	Да	поддержание температуры	черный		Да	отсутствует
Да	1.1		23.4*16.3*21.8 см		1 год	производителем	35-100 *С	0.65			Да	включения, уровня воды, температуры	5	2	1.7		пластик/ нержавеющая сталь		Да	Да	Да		Да			2200	Да	Да		Да	Да	новый	Да	кнопка на корпусе		Китай		диск	Да	поддержание температуры	серый	отсутствует	Да	отсутствует
	1	новый	28.4*19.9*16.9 см		2 года	производителем	40-100 *С	0.75				включения, уровня воды	1	1	1.7		пластик		Да	Да	Да		Да		Да	2400						новый	Да	кнопка на корпусе		Китай	Да	диск	Да	снижения уровня шума	черный			
	1.08		23.5*18.5*15 см		1 год	производителем	100 *С	0.73				включения, уровня воды	1	1	1.7		стекло		Да	Да	Да		Да		Да	2200								кнопка на корпусе		Китай		закрытая спираль	Да		гранит	синий		отсутствует
	1.02		24.5*22*17 см		3 года	производителем	100-100 *С	0.75			Да	включения, уровня воды	1	1	1.7		нержавеющая сталь		Да	Да	Да		Да			2200						новый		кнопка на корпусе		Китай		диск	Да		черный			отсутствует
	1.03	новый	24.5*20*20 см		1 год	производителем	100-100 *С	0.7				включения, уровня воды	1	1	1.8		стекло		Да	Да	Да					1800						новый		нажатие		Китай		диск			черный	отсутствует		отсутствует
	1.28		22*15*22 см		1 год	производителем	40-100 *С	0.71				включения, уровня воды	1	1	1.7		металл/ пластик		Да	Да	Да		Да		Да	2200						новый		кнопка на корпусе		Китай		закрытая спираль	Да		стекло			отсутствует
	1	новый	25.5*21.7*17 см		1 год	производителем	10 *С	0.75				включения, уровня воды, температуры	1	2	1.7		пластик/ металл		Да	Да	Да		Да			2200		Да				новый	Да	кнопка на корпусе		Китай		закрытая спираль	Да	поддержание температуры	голубой	отсутствует		отсутствует
	1.04	новый	15.9*21.4*25.5 см		1 год	производителем	40-100 *С	0.7			Да	включения, температуры	4	1	1.7		нержавеющая сталь/ пластик		Да	Да			Да			2200		Да		Да		новый	Да	нажатие		Китай		ТЭН	Да	поддержание температуры	черный	отсутствует	Да	отсутствует
	1.03	новый	24.5*20*20 см		1 год	производителем	100-100 *С	0.7				включения, уровня воды	1	1	1.8		стекло		Да	Да	Да				Да	1800						новый		нажатие		Китай		диск			белый	голубой		отсутствует
	0.854	новый	25.3*17.5*21 см		1 год	производителем	100-100 *С	0.7				включения, уровня воды	1	1	1.6		сталь/ пластик		Да	Да	Да					1600						новый		нажатие		Китай		диск			черный/ белый	отсутствует		отсутствует
	1.06		26.5*16*22 см		1 год	производителем	40-90 *С	1			Да	включения, температуры	5	2	1.7		нержавеющая сталь/ пластик		Да	Да	Да		Да		Да	2200		Да		Да			Да	кнопка на корпусе		Китай		закрытая спираль	Да	поддержание температуры	коричневый		Да	отсутствует
	0.92		22*16*23 см		1 год	производителем	40-100 *С	0.8				включения, уровня воды	1	1	1.8		пластик/ стекло		Да				Да		Да	1500						новый		нажатие		Китай		закрытая спираль			черный	белый		отсутствует
	1	новый	21.5*20.4*14.8 см		1 год	производителем	100 *С	0.7				включения, уровня воды, температуры	1	1	1.7		пластик		Да	Да	Да		Да			2200						новый				Китай		скрытый нагревательный элемент			черный			
	0.99		24*19.5*19.5 см		1 год	производителем	10-100 *С	1					1		1.8		стекло/ пластик		Да	Да	Да		Да			1500										Китай		закрытая спираль			белый			
	1.25		24.5*17*24.2 см		1 год	производителем	100-100 *С	0.8				включения, уровня воды	1	1	1.7		пластик/ стекло		Да	Да	Да		Да		Да	2200								полностью съемная		Китай		закрытая спираль	Да		черный	голубой	Да	отсутствует
	1		22.3*21.5*15.5 см		1 год	производителем	100-100 *С	0.75				включения, уровня воды	1	2	1.7		нержавеющая сталь		Да	Да			Да			2100						новый		кнопка на корпусе		Китай		диск	Да		розовый	отсутствует		отсутствует
	0.75	новый	25.5*16.5*20.5 см		1 год	производителем	100-100 *С	0.7				включения, уровня воды	1	2	1.8		сталь/ пластик		Да	Да	Да					2200						новый		кнопка на корпусе		Китай		диск			голубой	отсутствует		отсутствует
	1.1		26.8*16*22.2 см		1 год	производителем	100-100 *С	0.7				включения, уровня воды	1	2	1.7		нержавеющая сталь		Да		Да					1800								кнопка на корпусе		Китай		диск	Да		серо-голубой	отсутствует		отсутствует
	0.99	новый	24*19*19 см		1 год	производителем	10-100 *С	1				уровня воды	1	1	1.8		стекло/ пластик		Да	Да	Да		Да		Да	1500						новый		нажатие		Китай		закрытая спираль			зеленый			отсутствует
	1.32		25.7*22.8*22.4 см		1 год	производителем	70-100 *С	0.7				включения, температуры	4	1	1.7		стекло/ пластик/ нержавеющая сталь		Да	Да	Да				Да	2200		Да					Да	кнопка на корпусе		Китай		диск	Да	поддержание температуры	коралловый			отсутствует
	1.02		19*22*23 см		2 года	производителем	35-100 *С	0.73	Да	Да		включения, уровня воды, температуры	15	1	1.8		нержавеющая сталь		Да	Да	Да		Да		Да	2200		Да		Да	Да	новый		полностью съемная		Китай	Да	ТЭН	Да	заваривание чая, поддержание температуры, снижения уровня шума	черный	разноцветный	Да	отсутствует
	0.8		21*22*15 см		1 год	производителем	100 *С	0.8				включения	1	1	1.5		металл		Да	Да	Да					1350								кнопка на корпусе		Китай		закрытая спираль	Да		серебристый	отсутствует		отсутствует
	1	новый	24*18.5*20 см		2 года	производителем	40-100 *С	0.8				включения, уровня воды	1	1	1.7		термостойкое стекло		Да	Да			Да		Да	2200						новый		полностью съемная		Китай		закрытая спираль	Да		бежевый	голубой		отсутствует
	0.63	новый	24*22*15.8 см		1 год	производителем	100 *С					включения	1	1	1.8		нержавеющая сталь		Да	Да	Да		Да			1500						новый		нажатие		Китай		диск			нержавеющая сталь/ черный	отсутствует		отсутствует
	1.7		27.2*20.3*24.1 см		3 года	производителем	50-100 *С	0.7				включения, уровня воды, температуры	1		1.5		металл		Да							1500							Да			Китай		ТЭН			красный			
	0.932	новый	22.5*18.5*18.5 см		1 год	производителем	10-95 *С	0.5				включения	1	2	1.8		пластик/ нержавеющая сталь		Да	Да	Да		Да			220						новый		кнопка на корпусе		Китай		закрытая спираль			бежевый			
	1		21*22*21 см		1 год	производителем	100 *С	0.7			Да	включения, уровня воды	1	2	1.7		нержавеющая сталь/ пластик		Да	Да	Да		Да		Да	2200		Да		Да			Да	кнопка на корпусе		Китай		диск	Да	поддержание температуры	серо-голубой	синий	Да	отсутствует
	1.2		15.3*25.7*21.5 см		1 год	производителем	40-100 *С	0.7			Да	включения, уровня воды, температуры	5	2	1.7		нержавеющая сталь/ пластик		Да	Да	Да					2200		Да		Да			Да	кнопка на корпусе		Китай		диск	Да	поддержание температуры	черный	отсутствует		отсутствует
	1.06		25.1*21.5*15.5 см		3 года	производителем	40-100 *С	0.7			Да	включения, уровня воды, температуры	7	2	1.5		пластик/ нержавеющая сталь		Да	Да	Да	Да				2200		Да		Да	Да	новый	Да	кнопка на корпусе		Китай		диск	Да	поддержание температуры	черный		Да	отсутствует
	1.22		25.68*22.2*14.45 см		2 года	производителем	100 *С	0.7			Да	включения, уровня воды, температуры	13	1	1.7		стекло/ пластик		Да	Да	Да		Да			2200		Да		Да		новый	Да	кнопка на корпусе		Китай		закрытая спираль	Да	поддержание температуры	черный	отсутствует	Да	отсутствует
	1.92		23.7*24.8*15.6 см		1 год	производителем	100-100 *С	0.7				включения	1	1	1		керамика		Да	Да	Да		Да			1630								полностью съемная		Китай		ТЭН			белый/ синий			отсутствует
	0.88	новый	23*17*17 см		1 год	производителем	100-100 *С	0.6				включения, уровня воды	1	1	1.8		нержавеющая сталь		Да	Да	Да		Да			1500						новый		нажатие		Китай		диск	Да		белый	отсутствует		отсутствует
	1		26*17.5*21.5 см		2 года	производителем	40-100 *С	1		Да	Да	включения, уровня воды, температуры	5	2	1.7		пластик/ нержавеющая сталь		Да	Да	Да		Да		Да	1700		Да		Да			Да	кнопка на корпусе		Китай		ТЭН	Да	поддержание температуры	белый		Да	отсутствует
	1.5	новый	28*15*22 см		1 год	производителем	100-100 *С	0.95				включения, уровня воды	1	1	1.7		нержавеющая сталь		Да	Да	Да		Да			2400						новый		кнопка на корпусе		Китай		диск	Да		черный			отсутствует
	1.15	новый	24*21*15 см		1 год	производителем	100 *С	0.75				включения, уровня воды	1		1.8		стекло		Да	Да	Да		Да		Да	2200						новый		кнопка на корпусе		Китай		закрытая спираль	Да		белый	синий		отсутствует
	0.94		24*22.5*15.6 см		1 год	производителем	100-100 *С	0.7				включения	1	1	1.7		нержавеющая сталь		Да	Да	Да		Да			2200								полностью съемная		Китай		ТЭН	Да		белый/ дерево			отсутствует
	1.45		24*15*15 см		1 год	производителем	100-100 *С	0.75				включения, уровня воды, температуры	7	1	1.7		стекло/ пластик		Да	Да	Да					2200		Да		Да				кнопка на корпусе		Китай		диск	Да		серебристый	отсутствует		отсутствует
	1.1		26.8*16*22.2 см		1 год	производителем	100-100 *С	0.8				включения, уровня воды	1	2	1.7		нержавеющая сталь		Да		Да					1800								кнопка на корпусе		Китай		диск	Да		серо-голубой	отсутствует		отсутствует
Да	1.1		23.4*16.3*21.8 см		1 год	производителем	35-100 *С	0.65			Да	включения, уровня воды, температуры	5	2	1.7	Да	пластик/ нержавеющая сталь		Да	Да	Да		Да			2200		Да	Да	Да	Да	новый	Да	кнопка на корпусе		Китай		диск	Да	поддержание температуры	белый/ серебристый	отсутствует	Да	отсутствует
	1.15		23.9*22.2*15.8 см		3 года	производителем	50-100 *С	0.7			Да	включения, уровня воды	5	1	1.7		нержавеющая сталь/ стекло		Да	Да	Да		Да		Да	2200		Да				новый	Да	кнопка на корпусе		Китай		диск	Да	поддержание температуры	нержавеющая сталь			отсутствует
	0.86	новый	15.5*22.5*26 см		1 год	производителем	100 *С	0.7				включения, уровня воды, температуры	1		1.7		нержавеющая сталь		Да	Да			Да			2150						новый		полностью съемная		Китай		диск			серый			отсутствует
	1.13	новый	27.7*20.2*21.2 см		2 года	производителем	100 *С	1.2				включения, уровня воды	1	1	1.7		пластик		Да	Да			Да			2400						новый		кнопка на корпусе		Китай		ТЭН	Да		белый	отсутствует		отсутствует
	0.78		20.5*23*16 см		1 год	производителем	20-100 *С	0.7				включения, уровня воды	1		1.2		стекло		Да	Да			Да			1300										Китай		закрытая спираль			белый/ серебристый/ прозрачный			отсутствует
	1		22.5*24.2*15.2 см		1 год	производителем	100 *С	0.7				включения	1	1	1.7		нержавеющая сталь/ пластик		Да	Да	Да		Да			2200								полностью съемная		Китай		диск	Да		бежевый	отсутствует		отсутствует
	0.7		17*16.5*11 см		3 года	производителем	100-100 *С	0.75		Да		включения, уровня воды	1	1	0.5		металл/ пластик		Да				Да			1100						новый		ручное		Китай		диск	Да		серебристый			отсутствует
	0.9		24*21.2*15 см		1 год	производителем	100-100 *С	0.7		Да		включения, уровня воды	1	1	1.7		пластик		Да	Да	Да		Да			2200						новый		кнопка на корпусе		Китай		ТЭН	Да		белый	отсутствует		отсутствует
	1.08	новый	21.6*21.7*18.5 см		1 год	производителем	100 *С	0.75				включения, уровня воды	1	1	1.7		термостойкий пластик		Да	Да	Да		Да		Да	2200						новый		кнопка на корпусе		Китай		ТЭН	Да		белый	синий		отсутствует
	1.03		24.4*21.6*15.1 см		2 года	производителем	100 *С	0.7				включения, уровня воды	1	1	1.8		металл/ пластик/ стекло		Да		Да		Да			2200						новый		ручное		Китай		закрытая спираль	Да		черный/ нержавеющая сталь	голубой	Да	отсутствует
	1.2		31*22*22 см		1 год	производителем	60-95 *С	1		Да		включения, уровня воды	1	1	1.7		пластик/ металл		Да	Да	Да		Да			2000						новый		полностью съемная		Китай		закрытая спираль	Да		голубой	отсутствует		отсутствует
Да	1.1		22.5*20*15.5 см		1 год	производителем	40-100 *С	0.75			Да	включения, уровня воды, температуры	5	2	2	Да	пластик/ стекло		Да	Да	Да	Да	Да		Да	2200	Да	Да	Да	Да	Да	новый	Да	кнопка на корпусе		Китай		диск	Да	поддержание температуры	белый	разноцветный		Салют
	1	новый	21*19*19 см		2 года	производителем	20-100 *С	0.8				включения, уровня воды, температуры	1	1	1.7		нержавеющая сталь		Да	Да	Да		Да			2200						новый		полностью съемная		Китай		ТЭН	Да		молочный жемчуг	отсутствует		отсутствует
	1.7	новый	21*45*26 см		1 год	производителем	100 *С	0.7	Да			включения	1	1	2		пластик/ стекло		Да	Да	Да				Да	1500						новый		нажатие		Китай		диск	Да	заваривание чая, поддержание температуры	черный	голубой		отсутствует
	1.04		26.2*21.6*15.5 см		1 год	производителем	40-100 *С	0.6			Да	включения, температуры	5	2	1.7		пластик/ нержавеющая сталь		Да	Да	Да		Да			2200		Да		Да			Да	полностью съемная		Китай		ТЭН		поддержание температуры	черный/ серебристый		Да	отсутствует
	1.29		27.6*21.7*16.9 см		1 год	производителем	40-100 *С	0.7			Да	включения, температуры	7	1	1.7		стекло/ пластик		Да	Да	Да		Да		Да	2200		Да					Да	полностью съемная		Китай		ТЭН		поддержание температуры	серебристый/ черный		Да	отсутствует
	1.163	новый	25.5*17*22 см		1 год	производителем	10-100 *С	1				включения, уровня воды	1	2	1.8		нержавеющая сталь/ пластик		Да	Да	Да		Да			2200						новый		нажатие		Китай		закрытая спираль			белый	отсутствует		отсутствует
	1.2		25.8*21*18 см		1 год	производителем	40-100 *С	0.75		Да		включения, уровня воды	5	2	1.7		пластик/ стекло		Да	Да	Да		Да			2200		Да		Да		новый		полностью съемная		Китай		диск	Да	поддержание температуры	зеленый	отсутствует	Да	отсутствует
	1.4	новый	25.5*17.5*21.5 см		2 года	производителем	40-100 *С	0.8	Да		Да	включения, температуры	5	2	1.7		пластик/ нержавеющая сталь		Да	Да	Да		Да			2200		Да		Да		новый	Да	кнопка на корпусе		Китай	Да	скрытый нагревательный элемент	Да	заваривание чая, поддержание температуры, снижения уровня шума	черный	отсутствует	Да	отсутствует
	1	новый	21.5*17.5*19.5 см		2 года	производителем	100-100 *С	0.8				включения, уровня воды	1	1	1.7		пластик/ металл		Да				Да			2200						новый		нажатие		Китай		закрытая спираль	Да		сиреневый	отсутствует		отсутствует
	0.8	новый			1 год	производителем	100 *С	0.72				включения, уровня воды, температуры	1	1	1.7		нержавеющая сталь		Да	Да	Да		Да			2200						новый		полностью съемная		Китай		диск	Да		красный	отсутствует		отсутствует
	1	новый	25*22.7*15.6 см		1 год	производителем	20-100 *С	0.75			Да	включения, уровня воды, температуры	1	1	1.7		нержавеющая сталь		Да	Да	Да		Да			2200						новый		кнопка на корпусе		Китай		ТЭН	Да		зеленое яблоко			
	0.84		24*19*19 см		1 год	производителем	100-100 *С	0.75				включения, уровня воды	1		1.8		нержавеющая сталь/ стекло		Да	Да	Да		Да			2000						новый				Китай		диск			черный/ нержавеющая сталь			отсутствует
	1.15		26.7*16*26.7 см		1 год	производителем	40-100 *С	0.7		Да	Да	включения, уровня воды, температуры	7	2	1.7		металл/ пластик		Да	Да	Да					2200		Да		Да		новый	Да	нажатие		Китай		диск		поддержание температуры	белый		Да	отсутствует
	1.2		24.8*21.5*16.3 см		1 год	производителем	100-100 *С	0.7				включения, уровня воды	1	2	1.7		пластик/ нержавеющая сталь		Да	Да	Да		Да			2200						новый		кнопка на корпусе		Китай		диск	Да		серый	отсутствует		отсутствует
	2.55	новый	26*45*21 см		1 год	производителем	60-85 *С	0.7	Да		Да	включения, температуры	2	1	2		стекло/ пластик		Да	Да	Да				Да	1500		Да		Да		новый		нажатие		Китай		диск		заваривание чая, поддержание температуры	черный/ прозрачный	голубой	Да	отсутствует
	1.2		15.3*25.7*21.5 см		1 год	производителем	40-100 *С	0.7			Да	включения, уровня воды, температуры	5	2	1.7		нержавеющая сталь/ пластик		Да	Да	Да					2200		Да		Да			Да	кнопка на корпусе		Китай		диск	Да	поддержание температуры	белый	отсутствует		отсутствует
	1.25		26.1*23.1*15.5 см		1 год	производителем	40-100 *С	0.7	Да		Да	включения, уровня воды, температуры	5	1	1.7		нержавеющая сталь/ стекло/ пластик		Да	Да	Да		Да		Да	2200	Да	Да		Да	Да		Да	полностью съемная		Китай	Да	диск	Да	заваривание чая, поддержание температуры, снижения уровня шума	черный	синий	Да	отсутствует
	0.8	новый	23.5*23*15.8 см		1 год	производителем	100-100 *С	0.65				включения, уровня воды	1	1	1.7		пластик		Да				Да			2200						новый		кнопка на корпусе		Китай		ТЭН	Да		черный	отсутствует		отсутствует
	1.1	новый	23*24*15 см		1 год	производителем	100 *С	0.8				включения, уровня воды	1	1	1.5		нержавеющая сталь		Да	Да	Да		Да			2150						новый		кнопка на корпусе		Китай	Да	закрытая спираль	Да	снижения уровня шума	черный			
	1		20.7*14.6*20.2 см		1 год	производителем	100-100 *С	0.72				включения, уровня воды	1	2	1		пластик/ нержавеющая сталь		Да	Да			Да			1000						новый		кнопка на корпусе		Китай		диск	Да		белый	отсутствует		отсутствует
	1		25*22.7*15.6 см		1 год	производителем	20-100 *С	0.75			Да	включения, уровня воды, температуры	1	1	1.7		нержавеющая сталь		Да	Да	Да		Да			2200						новый		кнопка на корпусе		Китай		диск	Да		черный			отсутствует
	1.2	новый	27.5*21.6*15 см		1 год	производителем	100-100 *С	0.8		Да		включения, уровня воды	1	1	1.7		нержавеющая сталь		Да	Да	Да		Да			2400						новый		нажатие		Китай		закрытая спираль	Да	поддержание температуры	черный			отсутствует
Да	1.1		23.4*16.3*21.8 см		1 год	производителем	35-100 *С	0.65			Да	включения, уровня воды, температуры	5	2	1.7	Да	пластик/ нержавеющая сталь		Да	Да	Да		Да			2200		Да	Да	Да	Да	новый	Да	кнопка на корпусе		Китай		диск	Да	поддержание температуры	черный/ серебристый	отсутствует	Да	отсутствует
	1		20.7*14.6*20.2 см		1 год	производителем	100-100 *С	0.72				включения, уровня воды	1	2	1		пластик/ нержавеющая сталь		Да	Да			Да			1000						новый		кнопка на корпусе		Китай		диск	Да		белый	отсутствует		отсутствует
	1.2	новый			1 год	производителем	40-100 *С					включения, уровня воды, температуры	7	2	1.5		нержавеющая сталь/ пластик		Да	Да	Да		Да			2000		Да		Да		новый	Да	нажатие		Китай		диск	Да	поддержание температуры	черный	отсутствует	Да	отсутствует
	1.4	новый	20.5*20*20 см		2 года	производителем	100-100 *С	0.8				включения, уровня воды	1	1	1.7		термостойкое стекло/ пластик		Да	Да	Да		Да		Да	2200						новый		полностью съемная		Китай		диск	Да		белый/ серебристый хром	синий		отсутствует
	1.1		22.5*18*14.5 см		1 год	производителем	100 *С	0.75				включения, уровня воды	1	1	1.8		стекло		Да	Да	Да		Да		Да	1800						новый		кнопка на корпусе		Китай		закрытая спираль	Да		прозрачный/ черный	голубой		отсутствует
	1.2		24.8*21.5*16.3 см		1 год	производителем	100-100 *С	0.7				включения, уровня воды	1	2	1.7		пластик/ нержавеющая сталь		Да	Да	Да		Да			2200						новый		кнопка на корпусе		Китай		диск	Да		коричневый	отсутствует		отсутствует
	1.2	новый			1 год	производителем	40-100 *С					включения, уровня воды, температуры	7	2	1.5		нержавеющая сталь/ пластик		Да	Да	Да		Да			2000		Да		Да		новый	Да	кнопка на корпусе		Китай		диск	Да	поддержание температуры	белый	отсутствует	Да	отсутствует
	1.22	новый	25*16*16 см		1 год	производителем	40-100 *С	0.8			Да	включения, уровня воды, температуры	6	2	1.7		нержавеющая сталь/ пластик		Да	Да	Да		Да			2000		Да		Да		новый	Да			Китай		диск	Да	поддержание температуры	темно-серый	отсутствует	Да	
	1.1	новый	25.8*22.2*25.8 см		1 год	производителем	100-100 *С	0.8				включения, уровня воды	1	1	1.7		нержавеющая сталь		Да	Да	Да		Да			2200						новый		нажатие		Китай		закрытая спираль	Да		бронзовый	отсутствует		отсутствует
	1.26		24*18*21.2 см		1 год	производителем	100-100 *С	0.65				включения, уровня воды	1	1	1.7		стекло/ пластик/ нержавеющая сталь		Да	Да			Да		Да	2200						новый		кнопка на корпусе		Китай		диск	Да		красный/ черный/ нержавеющая сталь	голубой		отсутствует
	0.8	новый	22*19.5*19.5 см		2 года	производителем	100-100 *С	0.8				включения, уровня воды, температуры	1	1	1.7		сталь		Да	Да	Да					2200						новый		полностью съемная		Китай		скрытый нагревательный элемент	Да		бежевый			
	0.8	новый			1 год	производителем	100 *С	0.78				включения, уровня воды	1	1	1.7		нержавеющая сталь/ пластик		Да	Да	Да		Да		Да	2200						новый		полностью съемная		Китай		диск	Да		стальной	синий		отсутствует
	1.1		24*21.6*15.8 см		1 год	производителем	40-100 *С	0.7			Да	включения, температуры	7	1	1.7		стекло/ пластик/ нержавеющая сталь		Да	Да	Да		Да		Да	2200		Да		Да			Да	кнопка на корпусе		Китай		ТЭН	Да	поддержание температуры	серебристый/ черный/ прозрачный		Да	отсутствует
	0.8		23*18*18.6 см		1 год	производителем	100 *С	0.7					1	1	2		металл/ пластик						Да			1800								кнопка на корпусе		Китай		закрытая спираль	Да		серебристый	отсутствует		отсутствует
	1	новый	22.5*17.5*19.5 см		2 года	производителем	20-50 *С	0.7			Да	включения, уровня воды	1	1	1.7		пластик		Да	Да	Да		Да			2200						новый		нажатие		Китай		ТЭН	Да		черный	отсутствует		отсутствует
	1.1	новый	23.5*22*15 см		2 года	производителем	100-100 *С	0.75				включения, уровня воды, температуры	1	2	1.7		пластик		Да	Да						2200						новый	Да	нажатие		Китай		диск	Да		белый	отсутствует		отсутствует
	3.56		25.3*43.5*27 см		1 год	производителем	5-100 *С	0.7	Да			включения, уровня воды, температуры	1	1	1.7		стекло/ нержавеющая сталь/ пластик		Да	Да	Да				Да	2200							Да	кнопка на корпусе		Китай		ТЭН		заваривание чая, поддержание температуры	черный/ серебристый		Да	отсутствует
	1.2		26*23*25 см		1 год	производителем	100 *С	0.8				уровня воды	1	1	1.7		пластик		Да	Да	Да		Да			2400						новый		нажатие		Китай		закрытая спираль	Да		белый			отсутствует
	1	новый	20*20*15.2 см		1 год	производителем	100 *С	1				включения, уровня воды	1	1	0.8		пластик		Да	Да	Да		Да			1400						новый		нажатие		Китай		ТЭН	Да		кремовый			отсутствует
	0.6	новый	25*21*16.5 см		1 год	производителем	100 *С	0.7				включения, уровня воды	1	1	2.2		пластик		Да	Да	Да		Да		Да	2200						новый		нажатие		Китай		закрытая спираль	Да		стальной/ черный	отсутствует		
	0.2	новый	14*12.3*12.3 см		1 год	производителем	98 *С	0.7				включения, уровня воды	1	1	0.5		пластик		Да	Да						500						новый				Китай		ТЭН	Да		белый/ синий	отсутствует		отсутствует
	1.12	новый	24.7*22.2*15.8 см		1 год	производителем	100 *С	0.7				включения, уровня воды	1	1	1.7		стекло/ нержавеющая сталь		Да	Да	Да		Да		Да	2200						новый		нажатие		Китай		скрытый нагревательный элемент	Да		белый/ серебристый/ черный	синий		отсутствует
	1.4	новый	24.9*22.4*17.5 см		1 год	производителем	100-100 *С	0.8				уровня воды	1	1	1.7		нержавеющая сталь		Да	Да	Да		Да			2200						новый		полностью съемная		Китай		закрытая спираль	Да		зеленый	отсутствует		отсутствует
	0.89	новый	22*18*20 см		1 год	производителем	10-100 *С	1				включения, уровня воды	1	2	1.6		нержавеющая сталь/ пластик		Да	Да	Да		Да			1500						новый		нажатие		Китай		закрытая спираль	Да		белый	отсутствует		отсутствует
	1	новый	19.5*19.5*22 см		2 года	производителем	40-100 *С	0.8				включения, уровня воды, температуры	1	1	1.7		ПВХ/ пластик		Да	Да	Да					2200						новый		полностью съемная		Китай		ТЭН	Да		молочный жемчуг	отсутствует		отсутствует
	1	новый	22.5*17.5*21.5 см		2 года	производителем	40-100 *С	0.8				включения, уровня воды, температуры	1	1	1.7		нержавеющая сталь		Да	Да	Да					2200		Да				новый		кнопка на корпусе		Китай		ТЭН	Да		серебристый	отсутствует		отсутствует
	1	новый	21.8*15.4*23 см		1 год	производителем	20-100 *С	0.75			Да	включения, уровня воды	1	1	1.7		металл		Да	Да	Да		Да			2200						новый		кнопка на корпусе		Китай		закрытая спираль	Да		черный	отсутствует		отсутствует
	0.9		22.5*16*22.3 см		1 год	производителем	100-100 *С	0.7				включения, уровня воды	1	1	1.7		металл		Да	Да	Да		Да		Да	2200								нажатие		Китай		диск	Да		серебристый	синий		отсутствует
	3.49		25.3*43.5*27 см		1 год	производителем	5-100 *С	0.7	Да			включения, уровня воды, температуры	1	1	1.7		стекло/ нержавеющая сталь/ пластик		Да	Да	Да				Да	2200							Да	кнопка на корпусе		Китай		ТЭН		заваривание чая, поддержание температуры	черный/ серебристый		Да	отсутствует
	0.83	новый	23*21*15.5 см		1 год	производителем	100 *С	0.75				включения, уровня воды	1		1.7		пластик		Да	Да	Да		Да			2200						новый		кнопка на корпусе		Китай		закрытая спираль	Да		белый	отсутствует		отсутствует
	1		25.2*22.6*15.4 см		1 год	производителем	100 *С	0.7		Да		включения, уровня воды	1	1	1.7		металл/ пластик		Да	Да	Да		Да		Да	2200						новый		кнопка на корпусе		Китай		ТЭН	Да		нержавеющая сталь	голубой		отсутствует
	2.07		23.5*21.5*25.5 см		1 год	производителем	10-100 *С	1				включения	1		1.5		фарфор		Да	Да	Да		Да			1500										Китай		закрытая спираль			белый			
	1		25.2*18*21.6 см		1 год	производителем	40-100 *С	1				включения, температуры	13	1	1.7		пластик		Да	Да	Да		Да			2200		Да		Да				кнопка на корпусе		Китай		закрытая спираль	Да	поддержание температуры	черный	отсутствует	Да	отсутствует
	1.14	новый	26.2*17.8*22.6 см		2 года	производителем	40-100 *С	1.2				включения, уровня воды	1	1	1.25		металл		Да	Да	Да		Да			2200						новый		полностью съемная		Китай		закрытая спираль	Да		белый	отсутствует		отсутствует
	1.08		21*23*18 см		2 года	производителем	10-100 *С	0.7				включения, уровня воды	1	1	1.7		термопластик		Да	Да	Да					2200						новый		кнопка на корпусе		Китай		диск	Да		белый	отсутствует		отсутствует
	0.72		24*16*23 см		1 год	производителем	30-100 *С	0.8		Да		включения	1	1	1.8		металл		Да				Да			1500						новый		нажатие		Китай		закрытая спираль			нержавеющая сталь / черный	отсутствует		отсутствует
	1.05	новый	24.3*21.3*15.5 см		1 год	производителем	100-100 *С	0.6				включения, уровня воды	1	1	1.7		стекло/ нержавеющая сталь/ пластик		Да	Да	Да		Да		Да	2200						новый		нажатие		Китай		скрытый нагревательный элемент	Да		белый/ серебристый/ черный	синий		отсутствует
	1		22.5*24.2*15.2 см		1 год	производителем	100 *С	0.7				включения	1	1	1.7		нержавеющая сталь/ пластик		Да	Да	Да		Да			2200								полностью съемная		Китай		диск	Да		черный	отсутствует		отсутствует
	1.4	новый	25*18*22 см		1 год	производителем	100 *С					включения, уровня воды	1	1	1.7		пластик/ нержавеющая сталь		Да	Да	Да		Да			2200						новый		полностью съемная		Китай		ТЭН	Да		зеленый	отсутствует		отсутствует
	1.21		22.3*30.5*21.6 см		1 год	производителем	50-100 *С	0.7			Да	включения, температуры	11	1	0.8		нержавеющая сталь/ стекло		Да	Да	Да	Да	Да		Да	1300		Да					Да	полностью съемная		Китай		диск		поддержание температуры	нержавеющая сталь/ черный		Да	отсутствует
	1.25		24.5*17*24.2 см		1 год	производителем	100-100 *С	0.8				включения, уровня воды	1	1	1.7		пластик/ стекло		Да	Да	Да		Да		Да	2200								полностью съемная		Китай		закрытая спираль	Да		черный	голубой	Да	отсутствует
	0.85	новый	23*15.5*21 см		1 год	производителем	100-100 *С	0.75					1	1	1.8		нержавеющая сталь		Да	Да	Да		Да		Да	2200						новый				Китай		диск	Да		графитовый			
	0.622		19.31*20*14.05 см		2 года	производителем	100 *С	0.7				включения, уровня воды	1	1	1		пластик		Да		Да		Да		Да	1100						новый		кнопка на корпусе		Китай		закрытая спираль	Да		черный	отсутствует		отсутствует
	1.01		22*22*16.5 см		1 год	производителем	1-100 *С	0.75				включения, уровня воды	1	1	1.8		сталь/ пластик/ стекло		Да	Да			Да		Да	1800						новый		кнопка на корпусе		Китай		диск	Да		красный/ черный			отсутствует
	1.03		16*16*27 см		1 год	производителем	5-100 *С	0.7				включения	1	1	1.7		нержавеющая сталь		Да	Да			Да			2200								полностью съемная		Китай		диск			бирюзовый/ серебристый			отсутствует
	0.84		24.1*21.5*15.8 см		1 год	производителем	100-100 *С	0.7				включения, уровня воды	1	2	1.7		нержавеющая сталь/ пластик		Да	Да	Да		Да			2200								кнопка на корпусе		Китай		ТЭН	Да		черный			отсутствует
	1.7	новый			1 год	производителем	100 *С					включения	1	1	1.7		керамика		Да	Да	Да		Да			1800						новый		полностью съемная		Китай		ТЭН			белый	отсутствует		отсутствует
	1.03		26*25.6*16 см		1 год	производителем	40-100 *С	0.6			Да	включения, температуры	5	2	1.7		пластик/ нержавеющая сталь		Да	Да	Да		Да			2200		Да		Да			Да	кнопка на корпусе		Китай		ТЭН		поддержание температуры	белый			отсутствует
	2.66	новый	26*46*24 см		1 год	производителем	50-100 *С	0.7	Да			включения, температуры	6	1	1.7		пластик/ стекло		Да	Да	Да				Да	2200		Да		Да		новый	Да	нажатие		Китай		скрытый нагревательный элемент	Да	заваривание чая, поддержание температуры	черный/ прозрачный	синий	Да	отсутствует
	0.8	новый	25*14.7*20.9 см		1 год	производителем	100-100 *С	0.75				включения, уровня воды	1	1	1.8		нержавеющая сталь/ пластик		Да	Да	Да		Да			1500						новый		нажатие		Китай		ТЭН			черный	отсутствует		отсутствует
	1.15		27.8*21*15.1 см		1 год	производителем	5-100 *С	0.6			Да	включения, уровня воды	4	2	1.7		нержавеющая сталь/ пластик		Да	Да	Да		Да			2200		Да			Да			кнопка на корпусе		Китай		диск	Да	поддержание температуры	черный		Да	отсутствует
	1.7		26*22*20 см		1 год	производителем	30-100 *С	0.8	Да		Да	включения, уровня воды, температуры	1	1	1.6		металл/ стекло		Да	Да	Да	Да	Да			2200		Да		Да	Да	новый	Да	полностью съемная		Китай		диск	Да	заваривание чая, поддержание температуры	черный/ нержавеющая сталь	отсутствует		отсутствует
	1.25	новый	25*23*17 см		1 год	производителем	40-100 *С	0.7			Да	включения, уровня воды	1	2	1.5		нержавеющая сталь/ пластик		Да	Да	Да		Да			3000						новый		кнопка на корпусе		Китай		закрытая спираль	Да		серый			отсутствует
	1.01		22*22*16.5 см		1 год	производителем	1-100 *С	0.75				включения, уровня воды	1	1	1.8		сталь/ пластик/ стекло		Да	Да			Да		Да	1800						новый		кнопка на корпусе		Китай		диск	Да		красный/ черный			отсутствует
	1	новый	24.5*22.1*16.1 см		1 год	производителем	100 *С	0.6				включения, уровня воды	1	1	2		пластик/ стекло		Да	Да			Да		Да	2200						новый		нажатие		Китай		диск	Да		бежевый	белый		отсутствует
	1.2	новый	22*17*19 см		1 год	производителем	100 *С	0.7				включения	1	2	2		нержавеющая сталь/ пластик		Да	Да			Да			2000						новый		нажатие		Китай		закрытая спираль			салатовый	отсутствует		отсутствует
	1.22		25.68*22.2*15.45 см		2 года	производителем	100 *С	0.7			Да	включения, уровня воды, температуры	13	1	1.7		стекло/ пластик		Да	Да	Да		Да			2200		Да				новый	Да	кнопка на корпусе		Китай		закрытая спираль	Да	поддержание температуры	белый	отсутствует	Да	отсутствует
	0.9		17*23*19 см		1 год	производителем	100-100 *С	0.75				включения, уровня воды	1	1	1.7		термостойкий пластик		Да	Да	Да		Да			2200								кнопка на корпусе		Китай		закрытая спираль	Да		белый/ синий	отсутствует		отсутствует
	1.33		27.5*24.5*17.5 см		1 год	производителем	90-100 *С	0.8				включения, уровня воды	1	1	3		стекло/ пластик/ нержавеющая сталь		Да	Да	Да		Да		Да	2000							Да	полностью съемная		Китай		ТЭН		поддержание температуры	серый			отсутствует
	1		21*22*21 см		1 год	производителем	100 *С	0.7			Да	включения, уровня воды	1	2	1.7		нержавеющая сталь/ пластик		Да	Да	Да		Да		Да	2200		Да		Да			Да	кнопка на корпусе		Китай		диск	Да	поддержание температуры	серый	синий	Да	отсутствует
	2		26.6*16*21.5 см		1 год	производителем	40-100 *С	0.75	Да		Да	включения, температуры	6	2	2.7		термостекло/ пластик/ нержавеющая сталь		Да		Да					2200		Да		Да		новый	Да	кнопка на корпусе		Китай	Да	закрытая спираль		заваривание чая, поддержание температуры, снижения уровня шума	серый	отсутствует	Да	отсутствует
	0.85		25*22.5*15 см		1 год	производителем	30-100 *С	1				включения, уровня воды	1	1	1.7		пластик/ металл		Да		Да		Да			2200						новый		полностью съемная		Китай		закрытая спираль	Да		белый			отсутствует
	1.05	новый	24.2*21.6*15.8 см		2 года	производителем	100-100 *С	0.7				включения, уровня воды	1	1	1.7		стекло/ пластик		Да	Да			Да		Да	2200						новый		нажатие		Китай		диск	Да		серебристый/ черный	синий		отсутствует
	1.3		25.1*21.2*15.2 см		2 года	производителем	100 *С					включения, уровня воды	1	1	1.7		стекло/ пластик		Да	Да	Да		Да		Да	2200								кнопка на корпусе		Китай		ТЭН	Да		белый	синий		отсутствует
	0.86		16*16*20 см		1 год	производителем	100-100 *С	0.6			Да	включения, уровня воды	1	1	1.8		металл		Да	Да	Да		Да			1800						новый		нажатие		Китай		ТЭН	Да		графит/ серый	оранжевый		отсутствует
	1.2		26.4*15.7*21.5 см		1 год	производителем	100-100 *С	0.7				включения	1	1	1.5		металл/ пластик		Да	Да	Да		Да			2200						новый		нажатие		Китай		скрытый нагревательный элемент			белый			отсутствует
	0.945		23.8*22.6*14.1 см		3 года	производителем	50-100 *С	0.7			Да	включения, уровня воды, температуры	5	1	1.7		нержавеющая сталь		Да	Да	Да		Да		Да	2200		Да		Да		новый	Да	кнопка на корпусе		Китай		диск	Да	поддержание температуры	нержавеющая сталь			отсутствует
	0.987	новый	20.5*20*17.5 см		1 год	производителем	10-100 *С	0.8				включения, уровня воды	1	1	1		пластик/ термостекло		Да	Да	Да		Да			1100						новый		нажатие		Китай		закрытая спираль	Да		красный	отсутствует		отсутствует
	0.71		23*17*20.5 см		1 год	производителем	10-100 *С	1				включения	1		1.8		нержавеющая сталь/ пластик		Да	Да	Да		Да			1500										Китай		закрытая спираль			коричневый/ черный			
	1.1		23*22*15 см		1 год	производителем	100-100 *С	0.8				включения, уровня воды	1	1	1.7		нержавеющая сталь		Да	Да			Да			2200						новый		нажатие		Китай		диск	Да		нержавеющая сталь	отсутствует		отсутствует
	0.93		24.3*21.1*15.6 см		1 год	производителем	100-100 *С	0.88		Да		включения, уровня воды	1	1	1.7		нержавеющая сталь		Да							2200						новый		нажатие		Китай		скрытый нагревательный элемент	Да		бежевый			отсутствует
	0.78	новый	21.5*23.5*16 см		1 год	производителем	100 *С	0.6				включения, уровня воды	1	1	1.8		нержавеющая сталь		Да	Да			Да			1850						новый		нажатие		Китай		диск	Да		черный/ серебристый	отсутствует		отсутствует
	0.8	новый	23*16*23 см		1 год	производителем	100-100 *С	0.55				включения	1		1.8		нержавеющая сталь/ пластик		Да	Да	Да					1500						новый		кнопка на корпусе		Китай		диск	Да		серебристый/ черный			отсутствует
	1.15		24*21*15 см		1 год	производителем	100-100 *С	0.75				включения, уровня воды	1	1	1.8		нержавеющая сталь/ стекло		Да	Да	Да		Да		Да	2200						новый		кнопка на корпусе		Китай		скрытый нагревательный элемент	Да		нержавеющая сталь			отсутствует
	1.4	новый	25.5*17.5*21.5 см		2 года	производителем	40-100 *С	0.8	Да		Да	включения, температуры	7	1	1.7		пластик/ нержавеющая сталь		Да	Да	Да		Да			2200		Да		Да		новый	Да	нажатие		Китай	Да	скрытый нагревательный элемент	Да	заваривание чая, поддержание температуры, снижения уровня шума	бежевый	отсутствует	Да	отсутствует
	3		27*39*22 см		1 год	производителем	70-100 *С	0.8	Да		Да	включения, уровня воды, температуры	1	1	1.7		металл/ стекло		Да	Да	Да		Да			2250		Да		Да		новый	Да	нажатие		Китай		диск	Да	заваривание чая, поддержание температуры	нержавеющая сталь	отсутствует	Да	отсутствует
	1.3		27.5*21.6*15 см		1 год	производителем	100-100 *С	0.8				включения, уровня воды	1	1	1.7		нержавеющая сталь/ пластик		Да	Да	Да		Да			2400								нажатие		Китай		закрытая спираль	Да		нержавеющая сталь			отсутствует
	0.867	новый	21.5*18.5*18.5 см		1 год	производителем	10-100 *С	1				включения	1	2	1.7		нержавеющая сталь/ пластик		Да	Да	Да		Да			1500						новый		нажатие		Китай		закрытая спираль	Да		белый	отсутствует		отсутствует
	1.16		24*21*15 см		1 год	производителем	40-100 *С	1				включения, уровня воды	1	1	1.8		термостекло/ пластик/ нержавеющая сталь		Да	Да	Да		Да		Да	2200								кнопка на корпусе		Китай		диск	Да		белый			отсутствует
	0.93	новый	23.5*19*17.8 см		1 год	производителем	10-100 *С	0.6				включения, уровня воды	1	1	1.8		нержавеющая сталь		Да	Да	Да		Да			1850						новый		нажатие		Китай		диск	Да		нержавеющая сталь	отсутствует		отсутствует
	1.017		23*18*22.5 см		3 года	производителем	100-100 *С	0.7		Да		включения, уровня воды	1	1	1.8		стекло/ пластик		Да	Да	Да		Да		Да	2200						новый		полностью съемная		Китай		диск	Да		белый	синий		отсутствует
	1		21*22*21 см		1 год	производителем	1-100 *С	0.7			Да	включения, уровня воды	1	2	1.7		нержавеющая сталь/ пластик		Да	Да	Да		Да		Да	2200		Да		Да			Да	кнопка на корпусе		Китай		диск	Да	поддержание температуры	шампань	синий	Да	отсутствует
	1.02		25*21.9*15.5 см		1 год	производителем	40-100 *С	0.7			Да	включения, температуры	6	2	1.5		нержавеющая сталь/ пластик		Да	Да	Да		Да			2200		Да		Да			Да	кнопка на корпусе		Китай		ТЭН		поддержание температуры	белый		Да	отсутствует
	0.91		23.8*15.4*21.3 см		1 год	производителем	100-100 *С	0.7				включения, уровня воды, температуры	1	1	1.7		нержавеющая сталь		Да	Да	Да		Да			1850								ручное		Китай		ТЭН	Да		красный			отсутствует
	1.22		24.9*20.5*13.7 см		1 год	производителем	35-100 *С	0.7			Да	включения, уровня воды, температуры	3	1	1.3		стекло/ пластик		Да	Да	Да		Да			600		Да						полностью съемная		Китай		ТЭН		поддержание температуры	бежевый	отсутствует	Да	отсутствует
	1	новый	24.2*21.6*15.7 см		1 год	производителем	100 *С	0.7				включения, уровня воды	1	1	1.7		пластик		Да	Да	Да		Да			2200						новый				Китай		скрытый нагревательный элемент	Да		белый			
	1	новый	23*15*19 см		2 года	производителем	100-100 *С	0.8				уровня воды	1	1	1.5		нержавеющая сталь/ пластик		Да	Да	Да		Да			2200						новый		нажатие		Китай		диск	Да		бежевый/ красный/ серебристый	отсутствует		отсутствует
	1	новый	21.5*17.5*19.5 см		2 года	производителем	100-100 *С	0.8				включения, уровня воды	1	1	1.7		нержавеющая сталь		Да	Да	Да		Да			2200						новый		кнопка на корпусе		Китай		диск	Да		сиреневый/ черный			
	1	новый			1 год	производителем	100-100 *С					включения, уровня воды	1	1	1.8		стекло/ пластик		Да	Да	Да		Да			1500						новый		нажатие		Китай		диск	Да		черный/ прозрачный	отсутствует		отсутствует
Да	1.1		23.4*16.3*21.8 см		1 год	производителем	35-100 *С	0.65			Да	включения, уровня воды, температуры	5	2	1.7	Да	пластик/ нержавеющая сталь		Да	Да	Да		Да			2200		Да	Да	Да	Да	новый	Да	кнопка на корпусе		Китай		диск	Да	поддержание температуры	серый/ серебристый	отсутствует	Да	отсутствует
	0.95		23*20 см		1 год	производителем	100-100 *С	0.75				включения, уровня воды	1	1	1.7		нержавеющая сталь		Да	Да	Да		Да		Да	2100								кнопка на корпусе		Китай		закрытая спираль	Да		стальной	синий		отсутствует
	1.1		23.5*18*22 см		1 год	производителем	10-100 *С	1.7				включения, уровня воды, температуры	1		1.7		стекло/ пластик		Да	Да	Да					2200										Китай		ТЭН	Да		черный			
	0.8		21*17.5*15.5 см		2 года	производителем	40-100 *С	0.9		Да		включения, уровня воды	1	1	1		пластик/ стекло		Да	Да	Да		Да			1100							Да	кнопка на корпусе		Китай		ТЭН	Да	поддержание температуры	черный	голубой		отсутствует
	1		20.5*17.5*15.5 см		2 года	производителем	40-100 *С	0.9			Да	включения, уровня воды, температуры		1	1		термостойкое стекло		Да	Да	Да		Да			1100				Да			Да	кнопка на корпусе		Китай		диск	Да	поддержание температуры	черный		Да	отсутствует
	0.909	новый	22.5*18.5*18.5 см		1 год	производителем	10-95 *С	0.5				включения	1	2	1.8		пластик/ нержавеющая сталь		Да	Да	Да		Да			220						новый		кнопка на корпусе		Китай		закрытая спираль			черный			
	1.4		22*26*15.4 см		1 год	производителем	100 *С	0.75				включения, уровня воды, температуры	1		1.7		сталь		Да	Да	Да		Да			2200						новый				Китай	Да	ТЭН	Да	снижения уровня шума	бежевый			отсутствует
	1	новый	28.4*19.9*16.9 см		2 года	производителем	40-100 *С	0.9				включения, уровня воды	1	1	1.7		пластик		Да	Да	Да		Да			2400						новый	Да			Китай	Да	диск	Да	снижения уровня шума	белый			
	1.4	новый	24.9*22.4*17.5 см		1 год	производителем	100-100 *С	0.8				уровня воды	1	1	1.7		нержавеющая сталь		Да	Да	Да		Да			2200						новый		полностью съемная		Китай		закрытая спираль	Да		бежевый	отсутствует		отсутствует
	1.3	новый	26.6*21.3*17.1 см		1 год	производителем	100-100 *С	0.8				уровня воды	1	1	1.7		пластик/ стекло		Да	Да	Да		Да		Да	2200						новый		полностью съемная		Китай		закрытая спираль	Да		бежевый	белый		отсутствует
	1.2		31*22*22 см		1 год	производителем	60-95 *С	1		Да		включения, уровня воды	1	1	1.7		пластик/ металл		Да	Да	Да		Да			2000						новый		полностью съемная		Китай		закрытая спираль	Да		голубой	отсутствует		отсутствует
	1		22.3*15.5*21.5 см		1 год	производителем	100-100 *С	0.75				включения, уровня воды	1	1	1.7		нержавеющая сталь		Да	Да			Да			2100						новый		кнопка на корпусе		Китай		диск	Да		нержавеющая сталь	отсутствует		отсутствует
	1.2		31*22*22 см		1 год	производителем	60-95 *С	1		Да		включения, уровня воды	1	1	1.7		пластик/ металл		Да	Да	Да		Да			2000						новый		полностью съемная		Китай		закрытая спираль	Да		голубой	отсутствует		отсутствует
	1	новый			1 год	производителем	100-100 *С					включения, уровня воды	1	1	1.7		стекло/ пластик		Да	Да	Да		Да		Да	2200						новый		кнопка на корпусе		Китай		диск	Да		черный	синий		отсутствует
Да	1.1		23.4*16.3*21.8 см		1 год	производителем	35-100 *С	0.65			Да	включения, уровня воды, температуры	5	2	1.7	Да	пластик/ нержавеющая сталь		Да	Да	Да		Да			2200		Да	Да	Да	Да	новый	Да	кнопка на корпусе		Китай		диск	Да	поддержание температуры	серо-коричневый	отсутствует	Да	отсутствует
	1.25		26.1*23.1*15.5 см		1 год	производителем	40-100 *С	0.7	Да		Да	включения, уровня воды, температуры	5	1	1.7		нержавеющая сталь/ стекло/ пластик		Да	Да	Да		Да		Да	2200	Да	Да		Да	Да		Да	полностью съемная		Китай	Да	диск	Да	заваривание чая, поддержание температуры, снижения уровня шума	белый	синий	Да	отсутствует
	1.042	новый	26.5*17*20 см		1 год	производителем	100-110 *С	0.75				включения	1	1	25		нержавеющая сталь/ пластик		Да	Да	Да		Да			1800						новый		нажатие		Китай		ТЭН			серебристый металлик/ черный	отсутствует		отсутствует
	1.1	новый	24.1 см		1 год	производителем	100-100 *С	0.7				включения, уровня воды	1	1	1.8		стекло		Да	Да	Да				Да	2200						новый		нажатие		Китай		диск			малиновый/ черный	белый		отсутствует
	1.34	новый	24*22*14.5 см		1 год	производителем	40-100 *С	0.8	Да		Да	включения, температуры	5	1	1.7		нержавеющая сталь/ стекло/ пластик		Да	Да			Да			2000		Да		Да		новый	Да	кнопка на корпусе		Китай		диск		заваривание чая, поддержание температуры	темно-серый	отсутствует	Да	
	1	новый	26*24*19.6 см		1 год	производителем	100 *С	0.75			Да	включения, уровня воды	1	1	1.7		пластик		Да	Да	Да		Да			2200						новый		полностью съемная		Китай		закрытая спираль	Да		черный	отсутствует		отсутствует
	1.2		23*18*22.5 см		3 года	производителем	100-100 *С	0.7		Да		включения, уровня воды	1	1	1.8		стекло/ пластик		Да	Да	Да		Да		Да	2200						новый		полностью съемная		Китай		диск	Да		черный/ прозрачный	синий		отсутствует
	0.6	новый	20.5*16*14.5 см		1 год	производителем	100 *С	0.6				включения, уровня воды	1	1	0.6		силикон		Да	Да	Да					1150						новый		нажатие		Китай		ТЭН	Да		белый	отсутствует		отсутствует
	1.26		22*18*20 см		1 год	производителем	100-100 *С	0.65				включения, уровня воды	1	1	1.7		стекло/ пластик/ нержавеющая сталь		Да	Да			Да		Да	2200						новый		кнопка на корпусе		Китай		диск	Да		белый/ нержавеющая сталь	голубой		отсутствует
	1.027	новый	25.2*22.3*16 см		1 год	производителем	40-100 *С	0.6	Да		Да	включения, уровня воды, температуры	5	1	2		пластик/ стекло		Да	Да	Да		Да		Да	2200		Да				новый	Да	полностью съемная		Китай		диск	Да	заваривание чая, поддержание температуры	черный/ прозрачный	синий		отсутствует
	1.2	новый	20*20*15 см		2 года	производителем	100-100 *С	0.76				включения, уровня воды	1		2.5		нержавеющая сталь/ пластик		Да	Да	Да		Да			2000						новый		нажатие		Китай		диск	Да		нержавеющая сталь/ черный	отсутствует		отсутствует
	1.1	новый			1 год	производителем	100 *С	0.65				включения, уровня воды	1	1	1.8		стекло		Да	Да			Да			1500						новый		нажатие		Китай		скрытый нагревательный элемент			прозрачный/ черный	отсутствует		отсутствует
	1.16	новый	27.5*20.5*15.7 см		1 год	производителем	40-100 *С	0.6			Да	включения, температуры	5	2	1.5		пластик		Да	Да	Да		Да			1800		Да				новый	Да	нажатие		Китай		диск	Да	поддержание температуры	белый	отсутствует	Да	отсутствует
	0.96	новый	23.6*16*16 см		1 год	производителем	100-100 *С	70				включения, уровня воды	1	1	1.7		пластик/ стекло		Да	Да	Да		Да		Да	2200						новый		нажатие		Китай		скрытый нагревательный элемент	Да		черный	синий		отсутствует
	0.89		24*15.2*20 см		1 год	производителем	100-100 *С	0.7				включения, уровня воды	1	2	1.7		нержавеющая сталь		Да	Да	Да		Да			1850								кнопка на корпусе		Китай		ТЭН	Да		черный/ дерево			отсутствует
	1.25	новый	24*21*16 см		1 год	производителем	80-100 *С	0.7			Да	уровня воды	3	1	1.7		стекло закаленное		Да	Да	Да				Да	2400		Да				новый		нажатие		Китай	Да		Да	снижения уровня шума	серый			отсутствует
	1.3	новый	24*22*16 см		1 год	производителем	100 *С	0.72				включения, уровня воды	1	1	1.7		нержавеющая сталь/ стекло/ пластик		Да	Да	Да				Да	2200						новый		нажатие		Китай		ТЭН	Да		серебристый/ черный	голубой		отсутствует
	1.26		24*18*21.2 см		1 год	производителем	100-100 *С	0.65				включения, уровня воды	1	1	1.7		стекло/ пластик/ нержавеющая сталь		Да	Да			Да		Да	2200						новый		кнопка на корпусе		Китай		диск	Да		красный/ черный/ нержавеющая сталь	голубой		отсутствует
	1.1		24*21*18 см		1 год	производителем	100-100 *С	0.75				включения, уровня воды	1	1	1.8		термостекло		Да	Да	Да				Да	1500						новый		нажатие		Китай		скрытый нагревательный элемент	Да		черный	синий		отсутствует
	1	новый	25.5*21.7*17 см		1 год	производителем	10-100 *С	0.75				включения, уровня воды, температуры	1	2	1.7		пластик/ металл		Да	Да	Да		Да			2200		Да				новый	Да	кнопка на корпусе		Китай		закрытая спираль	Да	поддержание температуры	серый	отсутствует		отсутствует
	1	новый	22.5*23.5*15.6 см		1 год	производителем	100 *С	0.75				включения, уровня воды, температуры	1	1	1.7		металл		Да	Да	Да		Да			2200						новый		кнопка на корпусе		Китай		закрытая спираль	Да		черный	отсутствует		отсутствует
	1	новый	25.51*21.44*15.91 см		1 год	производителем	70-100 *С	0.75				включения, уровня воды, температуры	4	2	1.7		пластик/ металл		Да	Да	Да		Да			2200		Да				новый	Да	кнопка на корпусе		Китай		диск	Да	поддержание температуры	черный	отсутствует	Да	отсутствует
	1	новый	24.5*15.1*22.6 см		1 год	производителем	40-100 *С	0.65			Да	включения, уровня воды, температуры	5	1	1.7		нержавеющая сталь		Да	Да	Да		Да		Да	2200		Да				новый	Да	нажатие		Китай		ТЭН	Да	поддержание температуры	серебристый	разноцветный		отсутствует
Да	1.1		23.4*16.3*21.8 см		1 год	производителем	35-100 *С	0.65			Да	включения, уровня воды, температуры	5	2	1.7	Да	пластик/ нержавеющая сталь		Да	Да	Да		Да			2200		Да	Да	Да	Да	новый	Да	кнопка на корпусе		Китай		диск	Да	поддержание температуры	серо-коричневый	отсутствует	Да	отсутствует
	1	новый	22.5*23.5*15.6 см		1 год	производителем	100 *С	0.75				включения, уровня воды, температуры	1	1	1.7		металл		Да	Да	Да		Да			2200						новый		кнопка на корпусе		Китай		закрытая спираль	Да		бежевый	отсутствует		отсутствует
	1	новый	23*18*18 см		2 года	производителем	100-100 *С	0.7				включения, уровня воды	1	1	1.7		стекло		Да	Да	Да		Да		Да	220						новый		нажатие		Китай		диск	Да		черный	синий		отсутствует
	1.3	новый	25.6*22.3*16 см		1 год	производителем	50-100 *С	0.7			Да	включения, температуры	6	2	1.7		металл/ пластик		Да	Да	Да		Да			2200		Да		Да		новый	Да	нажатие		Китай		ТЭН		поддержание температуры	черный	отсутствует	Да	
	0.928		23*19.5*19 см		1 год	производителем	10-100 *С	1				включения	1		2		нержавеющая сталь/ пластик		Да	Да	Да		Да			1500										Китай		закрытая спираль			бежевый/ золотистый			
	1.6	новый	26.5*21.3*24.5 см		1 год	производителем	100-100 *С	0.65				включения, уровня воды	1	1	1.5		пластик		Да	Да	Да		Да			2400						новый		нажатие		Китай		ТЭН	Да		черный	отсутствует		отсутствует
	1.25	новый	25*23.9*22.9 см		1 год	производителем	20-100 *С	0.7				включения, уровня воды, температуры	6	1	1.7		стекло/ металл		Да	Да	Да		Да		Да	2200		Да		Да		новый	Да	нажатие		Китай		закрытая спираль	Да	поддержание температуры	нержавеющая сталь/ черный	голубой	Да	отсутствует
	0.95	новый	23.6*21*15 см		1 год	производителем	100 *С	0.63				включения, уровня воды	1	1	1.7		пластик/ стекло		Да	Да	Да		Да		Да	2200						новый		нажатие		Китай		ТЭН	Да		черный/ желтый	голубой		отсутствует
	1.4		23*21*18 см		1 год	производителем	100-100 *С	0.75				включения, уровня воды	1	1	1.7		термостойкое стекло		Да	Да			Да		Да	2200						новый		кнопка на корпусе		Китай		диск	Да		серебристый/ прозрачный	синий		отсутствует
	1.1	новый	29*23.2*19.2 см		1 год	производителем	100 *С	0.7				включения, уровня воды, температуры	1	1	1.7		нержавеющая сталь		Да	Да	Да		Да			2200						новый		полностью съемная		Китай		ТЭН	Да		синий	отсутствует		отсутствует
	0.9	новый	23*20*17 см		6 месяцев	производителем	100 *С	0.75				включения, уровня воды	1	1	1.8		металл		Да	Да	Да		Да			1500						новый		нажатие		Китай		закрытая спираль	Да		зеленый	отсутствует		отсутствует
	0.74	новый	22.8*20.7*15.9 см		1 год	производителем	80-100 *С	0.7	Да			включения, уровня воды	1		1.7		пищевой термостойкий пластик		Да				Да			2200						новый		кнопка на корпусе		Китай		диск	Да	заваривание чая	белый/ серый			отсутствует
	0.8	новый	21*21*17 см		1 год	производителем	100 *С	0.68				включения, уровня воды, температуры	1	1	1.7		нержавеющая сталь		Да	Да	Да		Да			2200						новый		нажатие		Китай		ТЭН	Да		лиловый	отсутствует		отсутствует
	1.15	новый	27.1*23.5*16.1 см		1 год	производителем	100 *С	0.85				включения	1	2	1.8		нержавеющая сталь/ пластик		Да	Да	Да		Да			2200						новый		кнопка на корпусе		Китай		диск		поддержание температуры	черный/ медный	отсутствует		отсутствует
	0.978	новый	22.4*22.8*16.7 см		2 года	производителем	100 *С	0.8				включения, уровня воды	1	1	1.7		пластик		Да	Да	Да					2400						новый		полностью съемная		Китай		скрытый нагревательный элемент	Да		черный			отсутствует
	1.4	новый	23.2*15.35*24.8 см		1 год	производителем	40-100 *С	0.8			Да	включения, температуры	4	2	1.5		нержавеющая сталь		Да	Да	Да		Да			2200		Да		Да		новый	Да	кнопка на корпусе		Китай		диск		поддержание температуры	белый	отсутствует	Да	
	1.5		29*15.5*21 см		2 года	производителем	40-100 *С	0.8			Да	включения, уровня воды, температуры	1		1.2		сталь		Да		Да					2200							Да			Китай		закрытая спираль	Да	поддержание температуры	нержавеющая сталь		Да	
	0.98	новый	26*21*15.1 см		1 год	производителем	100 *С	0.7				включения, уровня воды	1	2	1.7		нержавеющая сталь/ пластик		Да	Да	Да		Да			2200						новый		нажатие		Китай		ТЭН	Да		белый	отсутствует		отсутствует
	0.72	новый	21.4*19.8*15.6 см		1 год	производителем	100 *С	0.75				включения, уровня воды	1	1	1.5		пластик		Да	Да	Да		Да		Да	2200						новый		нажатие		Китай		закрытая спираль	Да		красный	синий		отсутствует
	1.1	новый	18.8*29.5*19.1 см		1 год	производителем	100 *С	1				включения, уровня воды, температуры	1	1	1.7		нержавеющая сталь		Да	Да	Да					2000						новый		полностью съемная		Китай		ТЭН			бежевый	отсутствует		отсутствует
	0.98	новый	26*21*15.1 см		1 год	производителем	25-100 *С	0.75				включения, уровня воды	1	2	1.7		металл/ пластик		Да	Да			Да			2200						новый		нажатие		Китай		закрытая спираль			Черный	отсутствует		отсутствует
	0.72	новый	21*18*15 см		1 год	производителем	100 *С	0.75				включения, уровня воды	1	1	1.7		пластик		Да	Да	Да		Да			2300						новый		нажатие		Китай		ТЭН	Да	поддержание температуры	белый	отсутствует		отсутствует
	0.9	новый	23*21*17 см		1 год	производителем	10-100 *С	0.8				включения, уровня воды	1	1	1.7		нержавеющая сталь		Да	Да	Да		Да			2200						новый		кнопка на корпусе		Китай		диск	Да		металлик	отсутствует		отсутствует
	1.18	новый	24.5*22.2*15.3 см		1 год	производителем	40-100 *С	0.75			Да	включения, уровня воды, температуры	3	2	1.7		пластик/ стекло		Да	Да	Да		Да			2200		Да				новый	Да	кнопка на корпусе		Китай		диск	Да		черный			отсутствует
	0.9	новый	24*20.5*17 см		1 год	производителем	1-100 *С	1				включения	1	2	1.8		пластик		Да	Да	Да		Да			1500						новый		нажатие		Китай		диск			красный	отсутствует		отсутствует
	1.17	новый	21.7*15.8*24.7 см		1 год	производителем	40-100 *С	0.7	Да		Да	включения, уровня воды, температуры	7	1	1.7		стекло		Да	Да	Да		Да		Да	2200		Да		Да		новый	Да	полностью съемная		Китай		ТЭН	Да	заваривание чая, поддержание температуры	серебристый/ голубой	разноцветный	Да	отсутствует
	0.88		24*22.6*15.4 см		2 года	производителем	100 *С	0.7				включения, уровня воды	1	1	1.7		нержавеющая сталь		Да	Да	Да		Да		Да	2200								кнопка на корпусе		Китай		ТЭН			нержавеющая сталь	синий		отсутствует
	1	новый			2 года	производителем	40-100 *С					включения, уровня воды, температуры	7	1	1.7		нержавеющая сталь		Да	Да	Да		Да			2200		Да				новый	Да	полностью съемная		Китай		диск	Да	поддержание температуры	серебристый	отсутствует	Да	отсутствует
	1	новый	25.5*21.7*17 см		1 год	производителем	10 *С	0.75				включения, уровня воды, температуры	1	2	1.7		пластик/ металл		Да	Да	Да		Да			2200		Да				новый	Да	нажатие		Китай		закрытая спираль	Да	поддержание температуры	красный	отсутствует		отсутствует
	1.285	новый	25*18.5*22 см		1 год	производителем	1-100 *С	1				включения, уровня воды	1	1	1.7		жаропрочное стекло		Да	Да	Да		Да		Да	2200						новый		нажатие		Китай		диск	Да		белый	синий		отсутствует
	0.9	новый	16*22.3*20.6 см		1 год	производителем	100-100 *С	0.75				включения, уровня воды	1	1	1.7		нержавеющая сталь		Да	Да	Да		Да			2200						новый		кнопка на корпусе		Китай		ТЭН	Да		зеленый	отсутствует		отсутствует
	1.2	новый	23*22*18 см		1 год	производителем	10-100 *С	1.4				включения, уровня воды	1	1	1.7		пластик/ стекло		Да	Да	Да		Да		Да	2200						новый		кнопка на корпусе		Китай		диск	Да		белый	синий		отсутствует
	0.94	новый	25.5*21.7*17 см		1 год	производителем	25-100 *С	1.4				включения, уровня воды, температуры	1	2	1.7		Пластик		Да	Да	Да		Да			2200						новый		кнопка на корпусе		Китай		закрытая спираль	Да		голубой			отсутствует
	1.11	новый	25.5*23*16.3 см		1 год	производителем	60-100 *С	0.75				включения, уровня воды, температуры	5	1	1.8		жаропрочное стекло		Да	Да			Да		Да	2200		Да				новый		нажатие		Китай		ТЭН	Да	поддержание температуры	серебристый/ черный	разноцветный		отсутствует
	1	новый	20*21*17.5 см		1 год	производителем	10-100 *С	0.7				уровня воды, температуры	1	1	1.7		нержавеющая сталь		Да	Да	Да					2200						новый		кнопка на корпусе		Китай		ТЭН	Да		серый	отсутствует		отсутствует
	1	новый	22*16*20 см		2 года	производителем	100-100 *С	1				включения, уровня воды, температуры	1	1	1.7		нержавеющая сталь		Да	Да	Да		Да			2200						новый		кнопка на корпусе		Китай		диск	Да		белый	отсутствует		отсутствует
	1	новый	28*18*18 см		1 год	производителем	100-100 *С	0.75				включения	1	1	2		металл/ пластик		Да	Да	Да		Да			1500						новый		нажатие		Китай		диск	Да		белый/ черный	отсутствует		отсутствует
	1.1		26.1*20.9*24 см		1 год	производителем	100-100 *С	0.8					1	2	1.7		нержавеющая сталь/ пластик		Да	Да			Да			1800						новый		кнопка на корпусе		Китай		закрытая спираль			белый			отсутствует
	1.18	новый	24.5*22.2*15.3 см		1 год	производителем	40-100 *С	0.75			Да	включения, уровня воды, температуры	3	2	1.7		пластик/ стекло		Да	Да	Да		Да			2200		Да				новый	Да	кнопка на корпусе		Китай		диск	Да		зеленое яблоко			отсутствует
	0.98	новый	26*21*15.1 см		1 год	производителем	25-100 *С	0.75				включения, уровня воды	1	2	1.7		металл/ пластик		Да	Да			Да			2200						новый		нажатие		Китай		закрытая спираль			красный	отсутствует		отсутствует
	1	новый	24.9*22.5*13.7 см		1 год	производителем	10-100 *С	0.65				включения, уровня воды	1	1	1.8		пластик/ металл		Да	Да			Да			1850						новый		нажатие		Китай		ТЭН	Да		белый	отсутствует		отсутствует
	1.31	новый	27*23*20 см		1 год	производителем	100 *С	0.75				включения, уровня воды	1	2	2		пластик		Да	Да	Да		Да			1800						новый	Да	полностью съемная		Германия		ТЭН			слоновая кость	отсутствует		отсутствует
	0.82	новый	22*20*20 см		1 год	производителем	10-100 *С	0.73				включения, уровня воды	1	1	1.7		пластик		Да	Да	Да		Да			2200						новый		нажатие		Китай		ТЭН	Да		серый	отсутствует		отсутствует
	1.01	новый	26.2*21.6*15.5 см		1 год	производителем	80-100 *С	0.7	Да			включения, уровня воды	1		1.7		нержавеющая сталь		Да	Да	Да		Да			2200						новый		полностью съемная		Китай		диск	Да	заваривание чая	белый/ черный			отсутствует
	1.1	новый	23.8*22*16.6 см		1 год	производителем	100 *С	0.75				включения, уровня воды, температуры	1	1	1.7		нержавеющая сталь		Да	Да	Да		Да			2150						новый		полностью съемная		Китай		закрытая спираль	Да		графитовый	отсутствует		отсутствует
	1.09	новый	24.3*22.2*16 см		1 год	производителем	50-100 *С	0.75			Да	включения, уровня воды, температуры	5	1	1.7		стекло		Да	Да	Да		Да		Да	2200		Да				новый	Да	кнопка на корпусе		Китай		ТЭН	Да	поддержание температуры	красный	разноцветный		отсутствует
	1.1167	новый	23*19*19 см		1 год	производителем	100 *С					включения, уровня воды	1	1	1.8		стекло		Да	Да	Да		Да		Да	1500						новый		нажатие		Китай		закрытая спираль			коричневый	голубой		отсутствует
	0.83	новый	24.5*22.9*15.1 см		1 год	производителем	80-100 *С	0.7	Да			включения, уровня воды	1		1.7		термостойкое стекло		Да	Да	Да		Да		Да	2200						новый		кнопка на корпусе		Китай		диск	Да	заваривание чая	стальной/ черный	синий		отсутствует
	1.37	новый	25.2*19.5*21 см		2 года	производителем	40-100 *С	0.75			Да	включения, уровня воды, температуры	4		1.7		стекло		Да	Да	Да		Да			2400		Да				новый	Да	полностью съемная		Китай		скрытый нагревательный элемент	Да	поддержание температуры	графитовый/ серый	отсутствует	Да	
	0.95	новый	22.5*18*18 см		6 месяцев	производителем	100 *С	0.7				включения	1	1	1.8		нержавеющая сталь/ пластик		Да	Да	Да		Да			1500						новый		нажатие		Китай		ТЭН	Да		синий/ серебристый	отсутствует		отсутствует
	1	новый	24*22*14 см		2 года	производителем	100 *С	0.75				включения, уровня воды	1	1	1.7		нержавеющая сталь/ пластик		Да	Да	Да					2200						новый	Да	кнопка на корпусе		Китай		ТЭН	Да		стальной	отсутствует		отсутствует
	0.8	новый	23.76*22.56*14.68 см		1 год	производителем	100 *С	0.75				включения, уровня воды	1	1	1.7		нержавеющая сталь/ пластик		Да	Да	Да		Да			2200						новый		нажатие		Китай		ТЭН	Да		серебристый/ черный	отсутствует		отсутствует
	1.04	новый	25*15.8*20.9 см		1 год	производителем	100 *С	0.7				включения, уровня воды, температуры	1	1	1.7		термостекло		Да	Да	Да		Да		Да	2200						новый		нажатие		Китай		ТЭН	Да		черный/ серебристый	синий		отсутствует
	1	новый	21.8*15.4*23 см		1 год	производителем	20-100 *С	0.75			Да	включения, уровня воды	1		1.7		металл		Да	Да	Да		Да			2200						новый		кнопка на корпусе		Китай		закрытая спираль	Да		слоновая кость	отсутствует		отсутствует
	1.125	новый	25*20.5*20.5 см		1 год	производителем	100 *С					включения, уровня воды	1	1	2.2		термостойкое стекло		Да	Да					Да	1500						новый		нажатие		Китай		диск			красный	синий		отсутствует
	1.033	новый	27*19*19 см		1 год	производителем	1-100 *С	1				включения, уровня воды	1	1	1.8		жаропрочное стекло		Да	Да	Да		Да		Да	1500						новый		нажатие		Китай		диск			черный	синий		отсутствует
	1.45	новый	24*14.7*22.5 см		2 года	производителем	70-100 *С	0.8				включения	4	2	1.2		сталь		Да	Да	Да		Да			2000		Да				новый	Да	кнопка на корпусе		Китай	Да	закрытая спираль	Да	поддержание температуры, снижения уровня шума	нержавеющая сталь	отсутствует		
	1.5	новый	23*23.5*20 см		2 года	производителем	60-100 *С	0.8	Да		Да	включения	5	1	1		металл/ сталь/ стекло		Да	Да	Да		Да		Да	2000		Да		Да		новый	Да	полностью съемная		Китай		закрытая спираль	Да	заваривание чая, поддержание температуры	прозрачный/ серебристый/ черный	синий	Да	отсутствует
	1.3	новый	27*23*20 см		1 год	производителем	100 *С	0.75				включения, уровня воды	1	2	2		пластик		Да	Да	Да		Да			1800						новый	Да	полностью съемная		Германия		ТЭН			красный	отсутствует		отсутствует
	1.06		25*20.5*15.5 см		1 год	производителем	5-100 *С	0.7				включения, уровня воды, температуры	1	1	1.7		нержавеющая сталь/ пластик/ термостекло		Да	Да	Да		Да		Да	2200						новый		кнопка на корпусе		Китай		диск			черный/ металлик	отсутствует		отсутствует
	1.32	новый	25.5*19.5*23.5 см		1 год	производителем	1-100 *С	1				включения, уровня воды	1	1	2		жаропрочное стекло		Да	Да	Да		Да		Да	2200						новый		кнопка на корпусе		Китай		диск	Да		черный	синий		отсутствует
	1.01	новый	26.2*21.6*15.5 см		1 год	производителем	80-100 *С	0.7	Да			включения, уровня воды	1	2	1.7		нержавеющая сталь		Да	Да	Да		Да			2200						новый		полностью съемная		Китай		диск		заваривание чая	черный			отсутствует
	1	новый	45*22*18.7 см		1 год	производителем	40-100 *С		Да			включения, уровня воды	7	1	1.7		стекло		Да	Да	Да				Да	2200		Да				новый	Да	нажатие		Китай		ТЭН	Да	заваривание чая, поддержание температуры	серый/ серебристый	разноцветный		отсутствует
	1.2	новый	24*18.5*22.3 см		2 года	производителем	20-40 *С	1			Да	включения, уровня воды	1	1	1.7		стекло		Да	Да	Да		Да		Да	2200						новый		нажатие		Китай		ТЭН	Да		черный	голубой		отсутствует
	0.802	новый	20.5*28.5*13.9 см		1 год	производителем	100 *С	0.6				включения	1	1	1		нержавеющая сталь		Да	Да			Да			1000						новый		полностью съемная		Китай		диск			черный/ лавандовый	отсутствует		отсутствует
	1.08		26.6*21.2*15.7 см		1 год	производителем	70-100 *С	0.7				включения, температуры	7	2	1.7		пластик		Да	Да	Да		Да		Да	2200		Да		Да		новый	Да	нажатие		Китай		диск	Да	поддержание температуры	кремовый	голубой	Да	отсутствует
	0.79	новый	23.5*21.6*15.7 см		1 год	производителем	20-100 *С	0.75				включения, уровня воды, температуры	1	1	1.7		Пластик		Да	Да	Да		Да			2200						новый		кнопка на корпусе		Китай		закрытая спираль	Да		Фиолетовый	отсутствует		отсутствует
	1	новый	22*17*20 см		2 года	производителем	100-100 *С	0.8				включения, уровня воды	1	1	2		сталь		Да	Да	Да		Да			2200						новый		нажатие		Китай		ТЭН	Да		молочный жемчуг	отсутствует		отсутствует
	0.82	новый	25.2*16.1*20.4 см		1 год	производителем	100-100 *С	0.7				включения, уровня воды	1	1	1.7		термопластик		Да	Да	Да		Да			2200						новый		нажатие		Китай		закрытая спираль	Да		голубой	отсутствует		отсутствует
	0.87	новый	21*17*20 см		1 год	производителем	1-100 *С	1				включения, уровня воды	1	1	1.7		пластик		Да	Да	Да		Да			2200						новый		нажатие		Китай		диск	Да		мятный	отсутствует		отсутствует
	1.37		26.6*16*23.7 см		1 год	производителем	100 *С	0.7				уровня воды	1	2	1.5		пластик/ нержавеющая сталь		Да	Да	Да		Да			1500						новый		полностью съемная		Китай		закрытая спираль			черный	отсутствует		отсутствует
	1.2	новый	27*22.6*15.5 см		1 год	производителем	100-100 *С	0.8				включения, уровня воды	1	3	1.8		нержавеющая сталь		Да	Да			Да			2200						новый		нажатие		Китай		диск	Да		синий	отсутствует		отсутствует
	0.9	новый	16.5*22.7*24.7 см		1 год	производителем	100 *С	0.75				включения, уровня воды	1	1	1.8		стекло		Да	Да	Да		Да		Да	1500						новый		нажатие		Китай		ТЭН	Да		прозрачный/ черный	синий		отсутствует
	3	новый	26*39*22 см		1 год	производителем	70-100 *С	1.6	Да		Да	включения, уровня воды, температуры	3	1	1.7		нержавеющая сталь/ стекло		Да	Да	Да					2500		Да		Да		новый	Да	нажатие		Китай		ТЭН	Да	заваривание чая, поддержание температуры	нержавеющая сталь/ прозрачный	отсутствует	Да	отсутствует
	0.8		19.8*17*19 см		3 года	производителем	100-100 *С	0.7				включения, уровня воды	1	1	1.7		пластик		Да	Да	Да					2200								кнопка на корпусе		Китай		закрытая спираль	Да		черный			отсутствует
	0.75	новый	15.5*22*21.5 см		1 год	производителем	100-100 *С	0.75				включения, уровня воды	1	1	1.7		пластик		Да	Да	Да		Да			2200						новый		нажатие		Россия		закрытая спираль	Да		белый/ серый	отсутствует		отсутствует
	1.125	новый	24*21*19 см		1 год	производителем	10-100 *С	0.8				включения, уровня воды	1	1	1.7		пластик/ термостекло		Да	Да	Да		Да		Да	2200						новый		нажатие		Китай		диск	Да		серый/ белый	голубой		отсутствует
	1	новый			1 год	производителем	100 *С	0.72				включения, уровня воды	1	1	1.7		стекло		Да	Да	Да		Да		Да	2200						новый		нажатие		Китай		ТЭН			белый	голубой		отсутствует
	1.2	новый	25*20*30 см		1 год	производителем	100-40 *С	0.7				включения, уровня воды	1	1	1.7		металл		Да	Да	Да		Да			2000						новый		полностью съемная		Китай		закрытая спираль	Да		серебристый	отсутствует		отсутствует
	0.8	новый	20*14.5*20 см		2 года	производителем	100-100 *С	0.8				включения, уровня воды	1	1	1.2		пластик/ стекло		Да	Да	Да		Да		Да	1630						новый		кнопка на корпусе		Китай		диск	Да		белый	синий		отсутствует
	0.95	новый			1 год	производителем	100-100 *С					включения, уровня воды	1	2	1.7		нержавеющая сталь/ пластик		Да	Да	Да		Да			1500						новый		нажатие		Китай		диск	Да		розовый/ серый	отсутствует		отсутствует
	1.15	новый	24*21*15 см		1 год	производителем	100 *С	0.75				включения, уровня воды	1		1.5		пластик		Да	Да	Да		Да			1850						новый		кнопка на корпусе		Китай		закрытая спираль	Да		белый	отсутствует		отсутствует
	1.055	новый	28*19.5*19.5 см		1 год	производителем	1-100 *С	1				включения, уровня воды	1	1	1.8		жаропрочное стекло		Да	Да	Да		Да		Да	1500						новый		нажатие		Китай		диск			коричневый	синий		отсутствует
	1	новый	21*16*19 см		2 года	производителем	100-100 *С	0.66				включения, уровня воды	1	1	1.8		термостекло		Да	Да	Да		Да		Да	2200						новый		нажатие		Китай		диск	Да		бежевый	синий		отсутствует
	0.764		22.5*17*21 см		1 год	производителем	10-100 *С	1				включения	1		1.8		нержавеющая сталь/ пластик		Да	Да	Да		Да			1500										Китай		закрытая спираль			серебристый/ серый/ черный			
	1.18	новый	24.5*22.2*15.3 см		1 год	производителем	5-100 *С	0.75			Да	включения, уровня воды, температуры	1	2	1.7		пластик/ стекло		Да	Да	Да		Да		Да	2200		Да				новый	Да	нажатие		Китай		диск	Да		темная вишня	синий		отсутствует
	0.79	новый	23.5*21.6*15.7 см		1 год	производителем	10-90 *С	0.75				включения, уровня воды, температуры	1	1	1.7		Пластик		Да	Да	Да		Да			2200						новый		кнопка на корпусе		Китай		закрытая спираль	Да		Синий	отсутствует		отсутствует
	1.27		22*16*19.7 см		3 года	производителем	100-100 *С	0.7				включения, уровня воды	1	1	1.7		пластик		Да	Да	Да				Да	2200								кнопка на корпусе		Китай		закрытая спираль	Да		белый/ прозрачный	синий		отсутствует
	1.12		24.4*21.6*16.1 см		1 год	производителем	20-100 *С	0.7				включения	1	1	1.7		боросиликатное стекло		Да	Да	Да		Да		Да	2200						новый	Да	нажатие		Китай		диск	Да		прозрачный	голубой		отсутствует
	0.89	новый	23.5*17*20.5 см		1 год	производителем	1-100 *С	1.5				включения	1	1	1.8		нержавеющая сталь		Да	Да	Да		Да			1500						новый		нажатие		Китай		ТЭН			коричневый	отсутствует		отсутствует
	1.8	новый	27*22*27 см		1 год	производителем	100 *С	0.8				включения	1	1	2		керамика		Да	Да	Да					2200						новый		полностью съемная		Китай		ТЭН			белый	отсутствует		отсутствует
	1.27		22*16*19.7 см		1 год	производителем	100-100 *С	1				включения, уровня воды	1	1	1.7		пластик/ стекло		Да	Да	Да				Да	2200						новый		кнопка на корпусе		Китай		закрытая спираль	Да		черный	синий		отсутствует
	1.09	новый	25.3*20.3*15.3 см		1 год	производителем	55-100 *С	0.75			Да	включения, уровня воды, температуры	4		1.7		нержавеющая сталь		Да	Да	Да					2100		Да		Да		новый	Да	нажатие		Китай		закрытая спираль	Да	поддержание температуры	серый			
	1.355	новый	25*19*22 см		1 год	производителем	1-100 *С	1				включения, уровня воды	1	1	1.7		жаропрочное стекло		Да		Да		Да		Да	2200						новый		кнопка на корпусе		Китай		диск	Да		черный	синий		отсутствует
	0.95	новый	21.8*22*15.8 см		1 год	производителем	100 *С	0.75				включения, уровня воды	1	1	1.7		нержавеющая сталь/ пластик		Да	Да	Да		Да			2150						новый		кнопка на корпусе		Китай		закрытая спираль	Да		черный/ серебристый	отсутствует		отсутствует
	1	новый	25*22*18.5 см		1 год	производителем	100 *С	0.8				включения, уровня воды	1	1	1.7		стекло		Да	Да	Да		Да		Да	2200						новый		нажатие		Китай		ТЭН	Да		белый/ серебристый	голубой		отсутствует
	1.075	новый	24*19*19 см		1 год	производителем	100 *С					включения, уровня воды		1	1.8		термостойкое стекло		Да	Да					Да	1500						новый		нажатие		Китай		диск			черный	синий		отсутствует
	1.22	новый	32*18*17 см		1 год	производителем	100 *С	0.72				включения, уровня воды	1	1	1.5		пластик/ стекло		Да	Да	Да		Да		Да	2200						новый		нажатие		Китай		ТЭН	Да		черный	синий		отсутствует
	1.2	новый	24*18.5*22.3 см		2 года	производителем	20-40 *С	1			Да	включения, уровня воды	1	1	1.7		стекло		Да	Да	Да		Да		Да	2200						новый		кнопка на корпусе		Китай		ТЭН	Да		черный	синий		отсутствует
	0.9	новый			2 года	производителем	100 *С	0.65				включения, уровня воды	1	1	1.7		пластик		Да	Да	Да		Да			2200						новый		нажатие		Китай		ТЭН	Да		белый/ серый	отсутствует		отсутствует
	1.12	новый	21.4*22*15.3 см		1 год	производителем	40-100 *С	0.7	Да			включения, уровня воды, температуры	7	1	1.7		стекло/ нержавеющая сталь/ пластик		Да	Да	Да		Да		Да	2200		Да		Да		новый	Да	полностью съемная		Китай		диск	Да	заваривание чая, поддержание температуры	сиреневый/ нержавеющая сталь	разноцветный	Да	отсутствует
	1.1	новый	23.5*13*20 см		1 год	производителем	40-100 *С	1	Да			включения, уровня воды, температуры	7	1	1.7		нержавеющая сталь		Да	Да	Да					2200		Да		Да		новый		нажатие		Китай		ТЭН	Да	заваривание чая, поддержание температуры	серебристый	отсутствует		отсутствует
	0.89	новый	24.5*21.5*17.5 см		1 год	производителем	40-100 *С	0.75				включения, уровня воды, температуры	7	1	1.7		нержавеющая сталь		Да	Да			Да			2200		Да				новый		полностью съемная		Китай		диск	Да	поддержание температуры	черный	отсутствует	Да	отсутствует
	1.06		25.9*16.1*21.3 см		1 год	производителем	40-100 *С	0.8			Да	включения, уровня воды, температуры	5	2	1.5		нержавеющая сталь/ полипропилен		Да	Да			Да			1800		Да		Да		новый	Да	нажатие		Китай		закрытая спираль		поддержание температуры	черный			отсутствует
	0.9	новый	23*16*16 см		1 год	производителем	100-100 *С	0.7				включения, уровня воды	1	1	2		пластик		Да	Да	Да		Да			2200						новый		кнопка на корпусе		Китай		диск	Да		белый	отсутствует		отсутствует
	1.1		24.7*24.2*19.3 см		1 год	производителем	25-99 *С	0.75				включения, уровня воды, температуры	1	2	1.7		металл/ пластик		Да	Да	Да		Да			2150								полностью съемная		Китай		закрытая спираль	Да		бежевый		Да	отсутствует
	1.28	новый	27.5*20.5*22 см		1 год	производителем	100-100 *С	0.7				включения, уровня воды	1	1	1.7		стекло		Да	Да	Да		Да		Да	2200						новый		полностью съемная		Китай		скрытый нагревательный элемент	Да		стальной	синий		
	0.8	новый	23*16.3*21 см		1 год	производителем	10-100 *С	0.75			Да	включения, уровня воды	1		1.7		пластик		Да	Да	Да		Да			2200						новый		кнопка на корпусе		Китай		ТЭН	Да		слоновая кость	отсутствует		отсутствует
	0.8		25*21.6*15 см		1 год	производителем	4-90 *С	0.75				включения	1	2	2		пластик/ нержавеющая сталь		Да	Да	Да		Да			1800						новый		нажатие		Китай		закрытая спираль			черный			отсутствует
	1.4		25.1*14.2*23.5 см		1 год	производителем	30-100 *С	1		Да		включения, уровня воды	1	1	1.7		стекло/ пластик		Да		Да		Да		Да	2200						новый		нажатие		Китай		закрытая спираль	Да		черный	белый		отсутствует
	1.06		26.5*16*22 см		1 год	производителем	40-90 *С	1			Да	включения, температуры	5	2	1.7		нержавеющая сталь/ пластик		Да	Да	Да		Да		Да	2200		Да		Да			Да	кнопка на корпусе		Китай		закрытая спираль	Да	поддержание температуры	серый		Да	отсутствует
	0.88	новый	25.8*22.6*15.5 см		1 год	производителем	100 *С	0.7				включения, температуры	1	1	1.7		нержавеющая сталь		Да	Да	Да		Да			2150						новый		полностью съемная		Китай		диск	Да		черный/ серебристый	отсутствует		отсутствует
	1.28		22*15*22 см		1 год	производителем	40-100 *С	0.75				включения, уровня воды	5	1	1.7		металл/ пластик		Да	Да	Да		Да		Да	2200		Да				новый		кнопка на корпусе		Китай		закрытая спираль	Да	поддержание температуры	стекло			отсутствует
	1		24*21*15.5 см		1 год	производителем	100-100 *С	0.7				включения, уровня воды	1		1.7		стекло/ пластик/ металл		Да	Да	Да		Да			2200						новый				Китай		диск	Да		черный			отсутствует
	1	новый	24.2*21.5*15.5 см		1 год	производителем	50-100 *С	0.7				включения, уровня воды, температуры	1	1	1.7		стекло		Да	Да	Да		Да			2200		Да				новый		нажатие		Китай		скрытый нагревательный элемент	Да		нержавеющая сталь / черный			
	1.24		21*15.8*21 см		1 год	производителем	40-100 *С	0.75				включения, уровня воды, температуры	7	2	1.7		металл/ пластик		Да	Да	Да		Да			2200		Да				новый	Да	кнопка на корпусе		Китай		закрытая спираль	Да	поддержание температуры	черный		Да	отсутствует
	1.02		23*22*14 см		1 год	производителем	4-90 *С	0.75				включения, уровня воды	1	2	2		пластик/ стекло		Да	Да	Да		Да		Да	1800						новый		кнопка на корпусе		Китай		закрытая спираль			белый			отсутствует
	0.75		25.6*21.7*14.1 см		1 год	производителем	4-90 *С	0.75				включения	1	2	1.8		пластик/ нержавеющая сталь		Да	Да	Да		Да			1800						новый		кнопка на корпусе		Китай		закрытая спираль			черный			отсутствует
	0.74	новый	32*18*17 см		1 год	производителем	100 *С	0.72				включения, уровня воды	1	1	1		пластик/ стекло		Да	Да	Да		Да		Да	1100						новый		нажатие		Китай		ТЭН	Да		черный	синий		отсутствует
	0.8		25*21.6*15 см		1 год	производителем	4-90 *С	0.75				включения	1	2	2		пластик/ нержавеющая сталь		Да	Да	Да		Да			1800						новый		кнопка на корпусе		Китай		закрытая спираль			голубой			отсутствует
	1.02		23*22*14 см		1 год	производителем	4-90 *С	0.75				включения, уровня воды	1	2	2		пластик/ стекло		Да	Да	Да		Да		Да	1800						новый		кнопка на корпусе		Китай		закрытая спираль			черный			отсутствует
	1.2	новый	24*21*18 см		1 год	производителем	100 *С	0.75				включения, уровня воды	1	1	1.7		стекло закаленное		Да	Да			Да		Да	2300						новый		нажатие		Китай		диск	Да	поддержание температуры	прозрачный/ серебристый	синий		отсутствует
	1.5		22*15.5*22 см		1 год	производителем	40-100 *С	0.7				включения, уровня воды, температуры	1	2	1.7		металл/ пластик		Да	Да	Да		Да			2200		Да				новый	Да	кнопка на корпусе		Китай		закрытая спираль	Да		серый			отсутствует
	1.08	новый	24.5*19.5*19.5 см		1 год	производителем	1-100 *С	1				включения, уровня воды	1	1	1.8		жаропрочное стекло		Да	Да	Да		Да		Да	1500						новый		нажатие		Китай		диск			черный	синий		отсутствует
	1.4		22*26*15.4 см		1 год	производителем	100 *С	0.75				включения, уровня воды, температуры	1	1	1.7		сталь		Да	Да	Да		Да			2200						новый	Да	полностью съемная		Китай	Да	ТЭН	Да	снижения уровня шума	красный			отсутствует
	0.977		24.4*16.4*22.4 см		2 года	производителем	100 *С	0.75				включения	1	2	1.9		пластик/ нержавеющая сталь		Да	Да	Да		Да			1650						новый	Да	кнопка на корпусе		Китай		скрытый нагревательный элемент			белый			отсутствует
	0.72		24.1*15.5*21.5 см		1 год	продавцом	40-100 *С	0.8				включения	1	2	1.8		нержавеющая сталь/ пластик		Да	Да	Да		Да			1500						новый	Да	кнопка на корпусе		Китай		диск			черный	отсутствует		отсутствует
	1.04	новый	26*21*21 см		1 год	производителем	100-100 *С	0.7			Да	включения, уровня воды	1	2	1.7		полипропилен/ нержавеющая сталь		Да	Да	Да		Да			1500						новый		кнопка на корпусе		Китай		диск	Да		черный			отсутствует
	1		19*16*19 см		2 года	производителем	40-100 *С	0.8				включения, уровня воды, температуры	1		1.7		сталь		Да	Да	Да					2200										Китай		ТЭН			белый/ бронзовый			
	0.9	новый	24.2*20.6*14.8 см		1 год	производителем	100 *С	0.6				включения	1	1	1.7		стекло/ пластик		Да	Да	Да		Да		Да	2200						новый		кнопка на корпусе		Китай		ТЭН			белый/ черный/ желтый	синий		отсутствует
	1.4		22*26*15.4 см		1 год	производителем	100 *С	0.75		Да		включения, уровня воды, температуры	1	1	1.7		сталь		Да	Да	Да		Да			2200						новый	Да	полностью съемная		Китай	Да	ТЭН	Да	снижения уровня шума	бежевый			отсутствует
	1.15	новый	24*21*18 см		6 месяцев	производителем	100 *С	0.73				включения, уровня воды	1	1	1.7		стекло/ пластик		Да	Да	Да		Да		Да	2200						новый		нажатие		Китай		ТЭН	Да		зеленый/ прозрачный			отсутствует
	2.64		25.5*39.7*22 см		1 год	производителем	60-100 *С	0.7	Да			включения, уровня воды	1	1	2		пластик/ нержавеющая сталь		Да	Да	Да				Да	1530		Да					Да	кнопка на корпусе		Китай		ТЭН		заваривание чая, поддержание температуры	серебристый/ черный/ прозрачный		Да	отсутствует
	0.99		24.8*24.7*14.4 см		1 год	производителем	5-100 *С	0.6				включения, уровня воды	1	1	1.7		нержавеющая сталь		Да	Да	Да		Да		Да	2200								кнопка на корпусе		Китай		диск	Да		серебристый/ голубой			отсутствует
	1.44	новый	25.2*24.2*18.2 см		1 год	производителем	40-100 *С	0.75	Да			включения, уровня воды, температуры	13	1	1.7		стекло/ нержавеющая сталь		Да	Да	Да		Да		Да	2200		Да				новый	Да	кнопка на корпусе		Китай		диск	Да	заваривание чая, поддержание температуры	стальной/ черный	синий	Да	
	0.66	новый	25.3*16.5*20.3 см		1 год	производителем	100-100 *С	0.7				включения, уровня воды	1	1	1.8		сталь		Да	Да	Да					1600						новый		нажатие		Китай		диск			черный матовый	отсутствует		отсутствует
	0.9	новый	32*18*17 см		1 год	производителем	40-100 *С	0.75				включения, уровня воды, температуры	7	1	1.7		нержавеющая сталь		Да	Да	Да		Да			2200		Да				новый	Да	полностью съемная		Китай		ТЭН	Да	поддержание температуры	серебристый/ черный	отсутствует	Да	отсутствует
	0.857	новый	20.5*23*15 см		1 год	производителем	5-100 *С	0.7				включения, уровня воды	1	1	1.7		нержавеющая сталь/ пластик/ термостекло		Да	Да	Да		Да			2200						новый		кнопка на корпусе		Китай		диск			белый/ металлик	отсутствует		
	1.1	новый	25.8*22.2*25.8 см		1 год	производителем	100-100 *С	0.8				включения, уровня воды	1	1	1.7		нержавеющая сталь		Да	Да	Да		Да			2200						новый		нажатие		Китай		закрытая спираль	Да		бронзовый	отсутствует		отсутствует
	0.9	новый	23*16*16 см		2 года	производителем	100-100 *С	0.7				включения, уровня воды	1	1	2		пластик		Да	Да	Да		Да			2200						новый		кнопка на корпусе		Китай		диск	Да		белый	отсутствует		отсутствует
	0.9		23*20*16 см		6 месяцев	производителем	100 *С	0.75				включения, уровня воды	1		1.8		металл		Да	Да	Да		Да			1500										Китай		закрытая спираль	Да		медный			
	1.256		25*20.5*20.5 см		1 год	производителем	10-100 *С	1				включения	1		1.5		стекло/ пластик		Да	Да	Да		Да			1500										Китай		закрытая спираль			черный			
	1.1				2 года	производителем	100-100 *С	0.7				включения, уровня воды	1		1.7		стекло/ пластик		Да	Да	Да		Да			2200										Китай		ТЭН	Да		черный			
	0.951		23*19.5*19 см		1 год	производителем	10-100 *С	1				включения	1		2		нержавеющая сталь/ пластик		Да	Да	Да		Да			1500										Китай		закрытая спираль			черный/ золотистый			
	1	новый	21.2*26.6*15.5 см		1 год	производителем	40-100 *С	0.7			Да	включения, уровня воды, температуры	6	2	1.7		металл/ пластик		Да	Да	Да		Да			2200		Да		Да		новый	Да	кнопка на корпусе		Китай		диск	Да	поддержание температуры	белый	отсутствует	Да	
	0.96		24*19*19 см		1 год	производителем	10-100 *С	1					1		1.8		стекло/ пластик		Да	Да	Да		Да			1500										Китай		закрытая спираль			бежевый			
	0.9	новый	23*20*16 см		6 месяцев	производителем	100 *С	0.8				включения, уровня воды	1	1	1.8		металл		Да	Да	Да		Да			1500						новый		нажатие		Китай		закрытая спираль	Да		нержавеющая сталь	отсутствует		отсутствует
	0.8	новый	21*16*20 см		2 года	производителем	100-100 *С	0.8				включения, уровня воды	1	1	1.7		пластик		Да	Да	Да		Да			2200						новый		нажатие		Китай		диск	Да		черный	отсутствует		отсутствует
	1	новый	24.2*21.6*15.7 см		1 год	производителем	100 *С	0.7				включения, уровня воды	1	1	1.7		пластик/ металл		Да	Да	Да		Да			2200						новый		кнопка на корпусе		Китай		скрытый нагревательный элемент	Да		черный			
	1	новый	20.5*16*19 см		2 года	производителем	100-100 *С	1				включения, уровня воды	1	1	1.7		нержавеющая сталь		Да	Да	Да					2200						новый		кнопка на корпусе		Китай		диск	Да		черный/ желтый	отсутствует		отсутствует
	1.2	новый	25*21*22 см		1 год	производителем	100-100 *С	0.8				включения, уровня воды	1	2	1.7		пластик		Да	Да	Да		Да			2400						новый		нажатие		Китай		диск	Да		белый/ черный			
	2	новый	22*21*17 см		2 года	производителем	40-100 *С	0.85				включения, уровня воды, температуры	7	1	1.7		стекло		Да	Да	Да		Да		Да	2200		Да				новый	Да	кнопка на корпусе		Китай		скрытый нагревательный элемент	Да	поддержание температуры	нержавеющая сталь	синий	Да	
	0.88	новый	23*17*20.3 см		6 месяцев	производителем	10-100 *С	0.8				включения	1	2	1.8		нержавеющая сталь		Да	Да	Да		Да			1500						новый		нажатие		Китай		ТЭН	Да		нержавеющая сталь	отсутствует		отсутствует
	0.957		24*19*19 см		1 год	производителем	10-100 *С	1					1		1.8		стекло/ пластик		Да	Да	Да		Да			1500										Китай		закрытая спираль			сиреневый			
	1.3	новый	23.5*21*16 см		1 год	производителем	100-100 *С	0.7				включения, уровня воды	1	1	1.7		стекло/ пластик		Да	Да	Да		Да		Да	2200						новый		полностью съемная		Китай		ТЭН	Да		черный	синий		отсутствует
	1	новый	23*17*16 см		1 год	производителем	100-100 *С	0.7				включения, уровня воды	1	1	1.7		стекло/ металл		Да	Да	Да				Да	2200						новый				Китай		диск	Да		черный/ серебристый	голубой		отсутствует
	1.4	новый			2 года	производителем	100-100 *С	0.8				включения, уровня воды	1	2	1.7		нержавеющая сталь/ пластик		Да	Да						2200						новый		кнопка на корпусе		Китай		диск	Да		графитовый	отсутствует		отсутствует
	1095	новый	20*20*20 см		1 год	производителем	10-95 *С	0.5				включения, уровня воды	1	1	1.8		пластик/ нержавеющая сталь		Да	Да	Да		Да		Да	220						новый		кнопка на корпусе		Китай		закрытая спираль			красный			
	0.9	новый	19*22*22 см		1 год	производителем	100-100 *С	0.8				включения, уровня воды	1	2	1.7		пластик		Да	Да					Да	2200						новый		нажатие		Китай		диск	Да		черный	синий		отсутствует
	1.24		24.2*16.1*21 см		1 год	производителем	40-100 *С	0.8			Да	включения, уровня воды, температуры	6	1	1.7		стекло		Да	Да			Да		Да	2200		Да				новый	Да	нажатие		Китай		скрытый нагревательный элемент	Да	поддержание температуры	белое стекло/ нержавеющая сталь		Да	отсутствует
	0.9	новый			2 года	производителем	100 *С	0.65				включения, уровня воды	1	1	1.7		пластик		Да	Да	Да		Да			2200						новый		нажатие		Китай		ТЭН	Да		белый/ бежевый	отсутствует		отсутствует
	1.09	новый	24*19.5*19.5 см		1 год	производителем	100 *С					включения, уровня воды	1	1	1.8		термостойкое стекло		Да	Да					Да	1500						новый		нажатие		Китай		диск			черный	синий		отсутствует
	1	новый	23*21*17.5 см		1 год	производителем	100-100 *С	0.7				уровня воды, температуры	1	1	1.7		нержавеющая сталь		Да	Да	Да					2200						новый		кнопка на корпусе		Китай		ТЭН	Да		серый	отсутствует		отсутствует
	1	новый	21.5*17.5*19.5 см		2 года	производителем	100-100 *С	0.8				включения, уровня воды	1	1	1.7		нержавеющая сталь		Да	Да	Да		Да			2200						новый		кнопка на корпусе		Китай		диск	Да		сиреневый/ черный			
	1.163		25.5*17*22 см		1 год	производителем	10-100 *С	1				включения	1		1.8		нержавеющая сталь/ пластик		Да	Да	Да		Да			2200										Китай		закрытая спираль			черный			
	1.058		23.5*19.5*19.5 см		1 год	производителем	10-100 *С	1					1		1.8		стекло/ пластик		Да	Да	Да		Да			1500										Китай		закрытая спираль			черный			
	1.3		23.5*21*16 см		1 год	производителем	100-100 *С	0.75				включения, уровня воды	1	1	1.7		термостекло		Да	Да	Да		Да		Да	2200						новый		кнопка на корпусе		Китай		скрытый нагревательный элемент	Да		прозрачный			отсутствует
	0.8	новый	21*16*20 см		2 года	производителем	100-100 *С	0.8				включения, уровня воды	1	1	1.7		пластик		Да	Да	Да		Да			2200						новый		нажатие		Китай		диск	Да		черный	отсутствует		отсутствует
	0.82	новый	21*20*16 см		2 года	производителем	100 *С	0.75				включения, уровня воды	1	1	1.7		пластик		Да	Да	Да		Да			2200						новый		нажатие		Китай		закрытая спираль	Да		красный	отсутствует		отсутствует
	1.1	новый	21*19*15 см		1 год	производителем	100-100 *С	0.7				включения, уровня воды	1	1	1.7		нержавеющая сталь		Да	Да	Да		Да		Да	2200						новый		кнопка на корпусе		Китай		диск	Да		серебристый	синий		отсутствует
	1.6	новый	24.6*17.1*22.3 см		1 год	производителем	40-99 *С	1				включения, уровня воды	1	1	1.7		нержавеющая сталь/ пластик		Да	Да	Да		Да			2400						новый	Да	кнопка на корпусе		Китай		ТЭН	Да	поддержание температуры	черный			
	1.1	новый	23.5*18*22 см		1 год	производителем	100-100 *С	0.8				включения, уровня воды	1	1	1.7		стекло/ пластик		Да	Да	Да		Да		Да	2200						новый		нажатие		Китай		диск	Да		черный	синий		отсутствует
	1.096	новый	20*20*20 см		1 год	производителем	10-95 *С	0.5				включения, уровня воды	1	1	1.8		пластик/ нержавеющая сталь		Да	Да	Да		Да		Да	220						новый		кнопка на корпусе		Китай		закрытая спираль			серый			
	0.97	новый	41*30*25 см		1 год	производителем	100 *С	1.2				включения, уровня воды	1	1	1.7		пластик		Да	Да	Да		Да			2200						новый		нажатие		Китай		диск	Да		черный	отсутствует		отсутствует
	1.2	новый	24*21.5*21.5 см		2 года	производителем	100-100 *С	0.8				включения, уровня воды	1	1	1.7		термостойкое стекло/ пластик		Да	Да	Да		Да		Да	2200						новый		кнопка на корпусе		Китай		диск	Да		черный	синий		
	1	новый	22.5*14*19.5 см		1 год	производителем	100-100 *С	1.5				включения, уровня воды	1	1	1.7		термостойкий пластик		Да	Да	Да		Да			3000						новый		нажатие		Китай		диск	Да		черный	отсутствует		отсутствует
	1.2	новый	24*21.5*21.5 см		2 года	производителем	100-100 *С	0.8				включения, уровня воды	1	1	1.7		термостойкое стекло/ пластик		Да	Да	Да		Да		Да	2200						новый		кнопка на корпусе		Китай		диск	Да		черный	синий		
	1	новый	21*16*19 см		2 года	производителем	100-100 *С	0.8				включения, уровня воды	1	1	1.7		нержавеющая сталь		Да	Да	Да		Да			2200						новый		нажатие		Китай		ТЭН	Да		античная бронза/ черный	отсутствует		отсутствует
	1.96	новый	37.5*24.5*23.5 см		2 года	производителем	100 *С	0.6	Да			включения, уровня воды	1	1	1.8		сталь		Да	Да	Да					2220						новый	Да	нажатие		Китай		диск	Да	заваривание чая, поддержание температуры	стальной/ черный	отсутствует		отсутствует
	1.2		26.8*21.9*16 см		1 год	производителем	100-100 *С	0.75				включения	1		1.7		пластик		Да	Да	Да		Да			1800						новый				Китай		скрытый нагревательный элемент			белый			отсутствует
	1.25	новый			1 год	производителем	70-100 *С	0.7				включения, уровня воды, температуры	4	1	1.8		стекло/ пластик		Да	Да						2200		Да		Да		новый		кнопка на корпусе		Китай		диск	Да	поддержание температуры	черный	отсутствует	Да	отсутствует
	1.6	новый	24.6*17.1*22.3 см		1 год	производителем	100 *С	1				включения, уровня воды	1	1	1.7		нержавеющая сталь/ пластик		Да	Да	Да		Да			2400						новый		кнопка на корпусе		Китай		ТЭН	Да		белый глянцевый			
	1.25				1 год	производителем	70-100 *С	0.7				включения, уровня воды, температуры	4		1.8		металл/ пластик		Да	Да						2200		Да		Да						Китай		диск	Да	поддержание температуры	черный		Да	
	0.89	новый	23.5*17*20.5 см		1 год	производителем	1-100 *С	1.5				включения	1	1	1.8		нержавеющая сталь		Да	Да	Да		Да			1500						новый		нажатие		Китай		ТЭН			бордовый	отсутствует		отсутствует
	1.055	новый	24*18*19 см		1 год	производителем	1-100 *С	1				включения	1	1	2		нержавеющая сталь/ пластик		Да	Да	Да		Да			2000						новый		нажатие		Китай		диск			серебристый	отсутствует		отсутствует
	1	новый	23*15*19 см		2 года	производителем	100-100 *С	0.8				уровня воды	1	1	1.5		нержавеющая сталь/ пластик		Да	Да	Да		Да			2200						новый		нажатие		Китай		диск	Да		бежевый/ красный/ серебристый	отсутствует		отсутствует
	1	новый	22*19*18 см		1 год	производителем	100-100 *С	0.7				включения, уровня воды	1	1	1.7		пластик		Да	Да	Да					2200						новый		полностью съемная		Китай		диск	Да		белый	отсутствует		отсутствует
	1.3	новый			1 год	производителем	100-100 *С	1				включения, уровня воды	1	1	1.7		стекло/ металл/ пластик		Да	Да	Да				Да	2200						новый		нажатие		Китай		диск	Да		серебристый/ черный	синий		отсутствует
	1.4	новый	24.9*22.4*17.5 см		1 год	производителем	100-100 *С	0.8				уровня воды		1	1.7		нержавеющая сталь		Да	Да	Да					2200						новый		полностью съемная		Китай		закрытая спираль	Да		серый	отсутствует		отсутствует
	0.9		22.6*14.5*21.5 см		1 год	производителем	100-100 *С	0.75				включения, уровня воды	1		1.8		боросиликатное стекло/ нержавеющая сталь/ пластик		Да	Да	Да		Да			2000						новый				Китай		диск	Да		стальной/ черный/ прозрачный			отсутствует
	0.715	новый	23*17*20 см		1 год	производителем	1-100 *С	1				включения	1	1	1.8		нержавеющая сталь/ пластик		Да	Да	Да		Да			1500						новый		нажатие		Китай		диск			серый	отсутствует		отсутствует
	1.197		24.5*20*20 см		1 год	производителем	10-100 *С	1				включения	1		1.5		стекло/ пластик		Да	Да	Да		Да			1500										Китай		закрытая спираль			бежевый			
	1	новый	22.5*17.5*21.5 см		2 года	производителем	100-100 *С	1.2				включения, уровня воды, температуры	1		1.7		пластик/ металл		Да	Да	Да		Да			2200						новый		кнопка на корпусе		Китай		диск	Да		белый	отсутствует		отсутствует
	0.65				1 год	производителем	100 *С					включения	1		1.7		пластик/ термостекло		Да		Да		Да			2200										Китай		ТЭН	Да		черный			
	0.98	новый	26*17.5*20.5 см		1 год	производителем	10-95 *С	0.5				включения	1	2	2.3		пластик/ нержавеющая сталь		Да	Да	Да		Да			220						новый		кнопка на корпусе		Китай		закрытая спираль	Да		черный			
	1	новый	24.2*21.5*15.5 см		1 год	производителем	60-100 *С	0.6			Да	включения, уровня воды	1	1	1.7		термостекло/ пластик/ нержавеющая сталь		Да	Да	Да		Да		Да	2200		Да				новый		кнопка на корпусе		Китай		диск	Да		стальной/ черный/ прозрачный			
	1	новый	24*18.5*20 см		2 года	производителем	100-100 *С	0.8				включения, уровня воды	1	1	1.7		термостойкое стекло/ пластик		Да	Да	Да		Да		Да	2200						новый		нажатие		Китай		диск	Да		бежевый	отсутствует		отсутствует
	1	новый	24*17.5*20.5 см		2 года	производителем	100-100 *С	0.8				включения, уровня воды	1	2	1.5		нержавеющая сталь		Да	Да			Да			2200						новый		полностью съемная		Китай		скрытый нагревательный элемент	Да		молочный			
	1	новый	25*20.5*22 см		2 года	производителем	100-100 *С	0.8				включения, уровня воды	1	1	1.7		термостойкое стекло		Да	Да	Да		Да		Да	2200						новый		полностью съемная		Китай		скрытый нагревательный элемент	Да		бежевый	голубой		
	1.33		27*18*22 см		1 год	производителем	40-100 *С	0.6				включения	1	1	1.7		пластик/ стекло		Да	Да			Да		Да	2200						новый		кнопка на корпусе		Китай		закрытая спираль			черный	голубой		отсутствует
	1.3		26*18*22 см		1 год	производителем	40-100 *С	0.6				включения, уровня воды, температуры	6	1	1.7		нержавеющая сталь/ пластик		Да	Да			Да			2200		Да		Да		новый	Да	кнопка на корпусе		Китай		закрытая спираль		поддержание температуры	мерцающий черный	голубой	Да	отсутствует
	1.2	новый	22.5*17.5*21 см		2 года	производителем	20-100 *С	0.9		Да		включения, уровня воды, температуры	1	1	1.7		нержавеющая сталь		Да	Да	Да		Да			2200						новый		полностью съемная		Китай		диск			белый/ бронзовый	отсутствует		отсутствует
	0.92		24.2*21.5*15.6 см		1 год	производителем	100-100 *С	0.7				включения, уровня воды	1	1	1.7		нержавеющая сталь		Да	Да	Да		Да			2200								кнопка на корпусе		Китай		ТЭН	Да		белый/ синий/ голубой			отсутствует
	1.17		27*23*20 см		2 года	производителем	40-100 *С	0.7				включения, уровня воды	1		1.7		нержавеющая сталь/ пластик		Да	Да	Да					2400										Китай		скрытый нагревательный элемент	Да		красный			
	1	новый	24*17*20.5 см		2 года	производителем	100-100 *С	0.8				включения, уровня воды	1	1	1.7		термостойкий пластик		Да	Да	Да		Да			3000						новый		нажатие		Китай		скрытый нагревательный элемент	Да		черный			
	0.9	новый	22.5*15.6*20 см		1 год	производителем	20-100 *С	0.75			Да	включения, уровня воды, температуры	1	1	1.7		пластик		Да	Да	Да					2200						новый		нажатие		Китай		ТЭН	Да		черный	отсутствует		отсутствует
	1	новый	20.5*16*19 см		2 года	производителем	100-100 *С	1				включения, уровня воды	1	1	1.7		нержавеющая сталь		Да	Да	Да		Да			2200						новый		полностью съемная		Китай		диск	Да		черный/ золотистый	отсутствует		отсутствует
	1.2	новый	22.5*17.5*21 см		2 года	производителем	20-100 *С	0.9		Да		включения, уровня воды, температуры	1	1	1.7		нержавеющая сталь		Да	Да	Да		Да			2200						новый		полностью съемная		Китай		диск			белый/ бронзовый	отсутствует		отсутствует
	0.89		22*18*20 см		1 год	производителем	10-100 *С	1				включения	1		1.6		нержавеющая сталь/ пластик		Да	Да	Да		Да			1500										Китай		закрытая спираль			черный			
	0.8	новый	21.5*17.5*19.5 см		2 года	производителем	100-100 *С	0.8				включения, уровня воды	1	1	1.7		нержавеющая сталь		Да	Да	Да		Да			2200						новый		кнопка на корпусе		Китай		скрытый нагревательный элемент	Да		сиреневый			
	0.89	новый	23.5*17*20.5 см		1 год	производителем	1-100 *С	1.5				включения	1	1	1.8		нержавеющая сталь		Да	Да	Да		Да			1500						новый		нажатие		Китай		ТЭН			красный	отсутствует		отсутствует
	0.9	новый	23.5*19*23.5 см		1 год	производителем	100-100 *С	0.8				уровня воды	1	1	1.7		пластик		Да	Да	Да		Да			2200						новый		полностью съемная		Китай		закрытая спираль	Да		белый	отсутствует		отсутствует
	0.8	новый	23*16.3*21 см		1 год	производителем	10-100 *С	0.75			Да	включения, уровня воды	1	1	1.7		пластик		Да	Да	Да		Да			2200						новый		кнопка на корпусе		Китай		ТЭН	Да		черный	отсутствует		отсутствует
	1.059		23.5*19.5*19.5 см		1 год	производителем	10-100 *С	1					1		1.8		стекло/ пластик		Да	Да	Да		Да			1500										Китай		закрытая спираль			белый			
	1.3	новый	23.5*21*16 см		1 год	производителем	100 *С	0.7				включения, уровня воды	1	1	1.7		стекло закаленное		Да	Да	Да		Да		Да	2200						новый		нажатие		Китай		закрытая спираль	Да		серый	синий		отсутствует
	1.197	новый	24.5*20*20 см		1 год	производителем	10-100 *С	1				включения, уровня воды	1	1	1.5		стекло/ пластик		Да	Да	Да		Да		Да	1500						новый		нажатие		Китай		закрытая спираль			белый			отсутствует
	1.06		24*18*19 см		1 год	производителем	1-100 *С	1				включения	1		2		нержавеющая сталь/ пластик		Да		Да					1800										Китай		диск			серебристый			
	1	новый	27*22*18 см		2 года	производителем	100-100 *С	0.72				включения, уровня воды	1	1	1.5		металл/ пластик		Да	Да	Да		Да			2200						новый		полностью съемная		Китай		скрытый нагревательный элемент	Да		белый			
	1.01		27.7*21.1*20.3 см		2 года	производителем	40-100 *С	0.8			Да	температуры	1	1	0.9		нержавеющая сталь		Да	Да	Да					1200		Да				новый	Да	полностью съемная		Китай		закрытая спираль	Да	поддержание температуры	черный матовый		Да	отсутствует
	1.08		21*23*18 см		2 года	производителем	10-100 *С	0.7				включения, уровня воды	1	1	1.7		термопластик		Да	Да	Да					2200						новый		кнопка на корпусе		Китай		диск	Да		черный	отсутствует		отсутствует
	1.1				2 года	производителем	100-100 *С	0.65				включения	1		1.7		нержавеющая сталь			Да						2200										Китай		диск	Да		черный			
	1.75	новый	26*45*21 см		1 год	производителем	100 *С	0.7	Да			включения, уровня воды	1	1	2		пластик/ стекло		Да	Да	Да				Да	1500						новый		нажатие		Китай		диск		заваривание чая	черный/ прозрачный	фиолетовый		отсутствует
	0.9	новый	22.5*15.6*20 см		1 год	производителем	20-100 *С	0.75			Да	включения, уровня воды, температуры	1	1	1.7		пластик		Да	Да	Да					2200						новый		кнопка на корпусе		Китай		диск	Да		зеленое яблоко	отсутствует		отсутствует
	1.1	новый	21*19*15 см		1 год	производителем	10-100 *С	0.7				включения, уровня воды	1	1	1.7		нержавеющая сталь		Да	Да	Да		Да		Да	2200						новый		кнопка на корпусе		Китай		диск	Да		серебристый	синий		отсутствует
	0.9	новый	22.5*16*18 см		1 год	производителем	100-100 *С	0.7				включения, уровня воды	1	1	1.7		термостойкий пластик		Да	Да	Да					2200						новый		нажатие		Китай		закрытая спираль	Да		черный	отсутствует		отсутствует
	1.21		24.5*16*21.4 см		1 год	производителем	100-100 *С	0.8				уровня воды	1	2	1.7		металл/ пластик		Да	Да	Да		Да			2150						новый		кнопка на корпусе		Китай		закрытая спираль	Да		нержавеющая сталь	отсутствует		отсутствует
	2		24*15*15 см		1 год	производителем	100-100 *С	1				включения, уровня воды	1	1	1.7		металл		Да	Да	Да	Да				2200								полностью съемная		Китай		закрытая спираль	Да		серебристый	отсутствует		отсутствует
	1.08	новый	24.2*21.6*15.8 см		1 год	производителем	10-100 *С	0.85			Да	включения, уровня воды	1	1	1.7	Да	стекло		Да	Да	Да		Да		Да	2200						новый		кнопка на корпусе		Китай		ТЭН	Да		слоновая кость	голубой		отсутствует
	1.2	новый	26*20*20 см		2 года	производителем	100-100 *С	0.72				включения, уровня воды	1	1	1.7		нержавеющая сталь		Да	Да			Да			2200						новый		полностью съемная		Китай		диск	Да		бирюзовый			
	0.92	новый	26*21*21 см		1 год	производителем	100-100 *С	0.7			Да	включения, уровня воды	1	2	1.7		полипропилен/ нержавеющая сталь		Да	Да	Да		Да			1500						новый		кнопка на корпусе		Китай		диск	Да		белый			отсутствует
	0.8	новый	23*16*18 см		1 год	производителем	100 *С	0.75				включения	1	2	1.8		нержавеющая сталь/ пластик		Да	Да	Да					1500						новый		нажатие		Китай		скрытый нагревательный элемент	Да		нержавеющая сталь/ черный	отсутствует		отсутствует
	0.9		22.5*16*23 см		1 год	производителем	40-100 *С	1		Да	Да	включения, уровня воды	1	1	1.7		металл		Да							2200						новый		кнопка на корпусе		Китай		закрытая спираль			нержавеющая сталь	отсутствует		отсутствует
	1		22*16*20 см		1 год	производителем	100-100 *С	1				включения, температуры	1	1	1.7		металл/ пластик		Да	Да	Да					2200								полностью съемная		Китай		закрытая спираль	Да		черный/ серебристый	отсутствует		отсутствует
	1		19.6*29*19.8 см		1 год	производителем	40-100 *С	0.7			Да	включения, температуры	61	1	0.8		нержавеющая сталь		Да	Да	Да					1000		Да		Да			Да	полностью съемная		Китай		ТЭН		поддержание температуры	черный		Да	отсутствует
	1.4	новый			1 год	производителем	10-100 *С	0.8				включения, уровня воды	1	1	1.5		стекло/ металл		Да	Да	Да		Да		Да	2200						новый		кнопка на корпусе		Китай		диск	Да		нержавеющая сталь	голубой		отсутствует
	1		25*22.7*15.6 см		1 год	производителем	20-100 *С	0.75			Да	включения, уровня воды, температуры	1		1.7		нержавеющая сталь		Да	Да	Да					2200										Китай		ТЭН	Да		зеленое яблоко			
	0.63		22*23*16 см		1 год	производителем	40-100 *С					включения		1	1.8		нержавеющая сталь		Да	Да	Да		Да			1500								нажатие		Китай		диск			черный/ серебристый	отсутствует		отсутствует
	0.6		23.5*14.5*20 см		1 год	производителем	40-100 *С	0.8				включения	1	1	1.8		нержавеющая сталь/ пластик		Да	Да	Да		Да			1500						новый		нажатие		Китай		диск			черный/ серебристый	отсутствует		отсутствует
	1	новый	21.5*17*13.5 см		1 год	производителем	70 *С	1	Да			включения, уровня воды, температуры	1	1	0.5		нержавеющая сталь/ пластик		Да	Да	Да					1100		Да				новый		полностью съемная		Китай		ТЭН		заваривание чая, поддержание температуры	серебристый/ черный	отсутствует	Да	отсутствует
	0.9		25*18*22 см		1 год	производителем	10-100 *С	0.7				включения	1	2	2		нержавеющая сталь/ пластик		Да	Да	Да		Да			2200						новый		нажатие		Китай		закрытая спираль	Да		черный/ серебристый	отсутствует		отсутствует
	1	новый	24.5*22.1*16.1 см		1 год	производителем	100 *С	1				включения, уровня воды	1	1	2		стекло/ пластик		Да	Да	Да		Да		Да	2200						новый		нажатие		Китай		диск	Да		черный/ белый	белый		отсутствует
	1.375		24.3*19.5*19.5 см		1 год	производителем	100-100 *С	1				включения, уровня воды	1	1	1.7		металл		Да	Да	Да					2200								полностью съемная		Китай		закрытая спираль	Да		бежевый	отсутствует		отсутствует
	0.838		22*16.5*20.5 см		1 год	производителем	10-100 *С	1				включения	1		1.8		нержавеющая сталь/ пластик		Да	Да	Да		Да			1500										Китай		закрытая спираль			серебристый/ серый/ черный			
	0.955	новый	28*17*22 см		2 года	производителем	30-100 *С	0.76				включения	1	1	2.5		Сталь		Да	Да			Да			2000						новый		нажатие		Китай		диск			серебристый/ черный	отсутствует		отсутствует
	1.2		24.8*21.5*16.3 см		1 год	производителем	100-100 *С	0.7				включения, уровня воды	1	2	1.7		пластик/ нержавеющая сталь		Да	Да	Да		Да			2200						новый		кнопка на корпусе		Китай		диск	Да		черный	отсутствует		отсутствует
	1		22*19*18 см		1 год	производителем	10-100 *С	0.7				включения, уровня воды	1		1.7		пластик		Да	Да	Да					2200										Китай		диск	Да		белый			
	0.9		17.5*22.2*20.8 см		2 года	производителем	20-100 *С	0.9		Да		включения	1	1	1.7		пластик		Да	Да	Да		Да			2200								кнопка на корпусе		Китай		ТЭН	Да		белый	отсутствует		отсутствует
	1.12	новый	28.2*20.6*25.7 см		2 года	производителем	40-100 *С	0.72			Да	включения, уровня воды, температуры	7	1	1.8		ABS-пластик / стекло		Да	Да			Да		Да	2200		Да				новый	Да	нажатие		Китай		диск	Да	поддержание температуры	стекло	разноцветный	Да	отсутствует
	0.6	новый	18.6*14.2*16.9 см		2 года	производителем	100 *С	0.8		Да		включения, уровня воды	1	1	0.5		пластик		Да	Да	Да					650						новый		нажатие		Китай	Да	диск	Да	снижения уровня шума	белый/ бежевый	отсутствует		отсутствует
	1.05		20.2*29.4*16.7 см		1 год	производителем	100-100 *С	0.7				включения, температуры	1	1	0.8		нержавеющая сталь		Да	Да	Да		Да			1000								полностью съемная		Китай		ТЭН			черный			отсутствует
	1.6		26*37.5*22 см		1 год	производителем	100-100 *С	0.7	Да			включения, уровня воды	1	1	2		нержавеющая сталь/ пластик/ стекло		Да	Да	Да				Да	1530							Да	кнопка на корпусе		Китай		ТЭН		заваривание чая, поддержание температуры	черный			отсутствует
	1.81		25.5*37.5*22 см		1 год	производителем	100-100 *С	0.7	Да			включения, уровня воды	1	1	2		нержавеющая сталь/ пластик/ стекло		Да	Да	Да				Да	1530							Да	кнопка на корпусе		Китай		ТЭН		заваривание чая, поддержание температуры	черный			отсутствует
	1.12		21*23*18 см		2 года	производителем	10-100 *С	0.7				включения, уровня воды	1	1	1.7		термопластик		Да	Да	Да					2200						новый		кнопка на корпусе		Китай		диск	Да		черный	отсутствует		отсутствует
	1.1	новый	21*17*21 см		1 год	производителем	10-100 *С	0.7				включения, уровня воды, температуры	1	1	1.7		нержавеющая сталь		Да	Да	Да					2200						новый		кнопка на корпусе		Китай		диск	Да		черный/ бронзовый	отсутствует		отсутствует
	0.75	новый	15.5*22*21.5 см		1 год	производителем	100-100 *С	0.75				включения, уровня воды	1	1	1.7		пластик		Да	Да	Да		Да			2200						новый		нажатие		Россия		закрытая спираль	Да		белый/ бирюзовый	отсутствует		отсутствует
	0.83		23.8*21.2*15.6 см		1 год	производителем	100-100 *С	0.7				включения	1	1	1.7		пластик		Да	Да	Да		Да			2200								кнопка на корпусе		Китай		ТЭН	Да		голубой			отсутствует
	1.42		22*26*15.4 см		1 год	производителем	0-100 *С	0.75		Да		включения, уровня воды, температуры	1	1	1.7		сталь		Да	Да	Да		Да			2200						новый	Да	полностью съемная		Китай	Да	ТЭН	Да	снижения уровня шума	зеленый			отсутствует
	0.8		22*13*19 см		2 года	производителем	40-100 *С	0.8				включения	1	1	1.7		термостойкий пластик		Да	Да	Да		Да			2200								кнопка на корпусе		Китай		закрытая спираль	Да		белый	отсутствует		отсутствует
	0.9		25*22.2*16.5 см		1 год	производителем	40-100 *С	0.7				включения, температуры	7	1	1.7		нержавеющая сталь		Да	Да	Да		Да			2200		Да		Да			Да	полностью съемная		Китай		ТЭН	Да	поддержание температуры	серебристый/ бирюзовый/ черный	отсутствует	Да	отсутствует
	0.7	новый	21*16*21 см		1 год	производителем	100-100 *С	0.8				включения, уровня воды	1		1.7		пластик/ металл		Да	Да	Да		Да			2200						новый		кнопка на корпусе		Китай		ТЭН	Да		белый	отсутствует		отсутствует
	1.2	новый			2 года	производителем	100-100 *С	0.78				включения	1	2	1.5		нержавеющая сталь/ пластик		Да	Да	Да		Да			1800						новый		кнопка на корпусе		Китай		диск	Да		мятный	отсутствует		отсутствует
	1	новый	19.5*19.5*22 см		2 года	производителем	40-100 *С	0.8				включения, уровня воды, температуры	1	1	1.7		сталь		Да	Да	Да		Да			2200						новый		полностью съемная		Китай		ТЭН	Да		молочный жемчуг	отсутствует		отсутствует
	1	новый	24*16*21 см		2 года	производителем	10-100 *С	0.71				включения, уровня воды	1	1	1.8		металл		Да	Да	Да		Да			2000						новый		нажатие		Китай		ТЭН	Да		серебристый/ черный	отсутствует		отсутствует
	0.96	новый			2 года	производителем	100 *С	0.75				включения, уровня воды	1	1	1.7		нержавеющая сталь		Да	Да			Да			2200						новый		нажатие		Китай		диск	Да		черный/ серебристый	отсутствует		отсутствует
	1.163	новый	18*22*23 см		1 год	производителем	60-100 *С	0.8				включения, уровня воды, температуры	5	1	1.7		пластик/ металл/ стекло		Да	Да	Да		Да		Да	2200						новый		нажатие		Китай		диск	Да		черный	разноцветный		отсутствует
	1.3		23*21*21 см		1 год	производителем	20-100 *С	0.7				включения, уровня воды	1		1.7		стекло/ пластик		Да	Да	Да		Да			2200										Китай		ТЭН	Да		черный			
	1.22	новый	23*21*18 см		1 год	производителем	10-100 *С	1.4				включения, уровня воды	1	1	1.7		пластик/ стекло		Да	Да	Да		Да		Да	2200						новый		нажатие		Китай		диск	Да		белый	синий		отсутствует
	0.9	новый			2 года	производителем	10-100 *С	1.2				включения, уровня воды, температуры	1	1	1.7		металл		Да	Да	Да					2200						новый		кнопка на корпусе		Китай		диск	Да		нержавеющая сталь	отсутствует		отсутствует
	0.75	новый			1 год	производителем	100-100 *С	0.75				включения, уровня воды	1	1	1.7		нержавеющая сталь/ пластик		Да	Да	Да					2200						новый		нажатие		Китай		диск	Да		серебристый/ черный	отсутствует		отсутствует
	1.1	новый	48*35.5*45 см		2 года	производителем	40-100 *С					включения, уровня воды, температуры	7	1	1.7		нержавеющая сталь		Да	Да	Да				Да	2200		Да				новый		нажатие		Китай		диск	Да	поддержание температуры	серебристый	разноцветный	Да	отсутствует
	1.8	новый	21.4*18.9*16.6 см		2 года	производителем	60-100 *С		Да		Да	включения, уровня воды, температуры	5		1		нержавеющая сталь/ стекло		Да	Да	Да		Да		Да	1900		Да				новый	Да	кнопка на корпусе		Китай		ТЭН	Да	заваривание чая, поддержание температуры	нержавеющая сталь			отсутствует
	1.1	новый	22.5*17*18.5 см		1 год	производителем	40-100 *С	1				включения, уровня воды	7	2	1.7		нержавеющая сталь		Да	Да	Да					2200		Да		Да		новый		кнопка на корпусе		Китай		ТЭН	Да	поддержание температуры	серебристый	отсутствует		отсутствует
	1.43	новый	24.5*21*17.5 см		1 год	производителем	100 *С	0.8				уровня воды	1	1	1.8		стекло/ пластик		Да	Да	Да		Да		Да	2200						новый		нажатие		Китай		ТЭН	Да		прозрачный/ серебристый/ черный	голубой		отсутствует
	0.98				1 год	производителем	100-100 *С					включения, уровня воды	1		1.7		нержавеющая сталь		Да	Да	Да		Да			2200										Китай		диск	Да		серебристый			
	1.1	новый			1 год	производителем	100 *С	0.7				включения, уровня воды	1	1	1.8		стекло		Да				Да		Да	2200						новый		нажатие		Китай		диск	Да		серебристый/ прозрачный	голубой		отсутствует
	0.87	новый	23*17*17 см		1 год	производителем	100 *С	0.6				включения, уровня воды	1	1	1.8		нержавеющая сталь		Да	Да			Да			1500						новый		нажатие		Китай		диск	Да		синий	отсутствует		отсутствует
	1.1	новый	23*17*20 см		1 год	производителем	10-100 *С	0.71				включения, уровня воды	1	1	1.7		пластик		Да	Да	Да		Да		Да	2200						новый		нажатие		Китай		закрытая спираль	Да		прозрачный/ черный	голубой		отсутствует
	1		23*17*16 см		1 год	производителем	100-10 *С	0.7				включения, уровня воды	1		1.7		стекло/ металл		Да							2200										Китай		диск	Да		черный/ серебристый			
	1	новый			1 год	производителем	40-100 *С			Да	Да	включения, уровня воды, температуры	7	2	1.7		нержавеющая сталь		Да	Да	Да		Да			2200		Да		Да		новый	Да	полностью съемная		Китай		диск	Да	поддержание температуры	белый	отсутствует	Да	отсутствует
	1.215	новый			1 год	производителем	100 *С					включения, уровня воды	1	1	1.7		стекло жаропрочное		Да	Да	Да		Да		Да	2200						новый		полностью съемная		Китай		ТЭН	Да		черный	синий		отсутствует
	1.25				1 год	производителем	100 *С					включения, уровня воды	1		1.7		металл/ стекло		Да	Да			Да			2200										Китай		ТЭН	Да		нержавеющая сталь/ прозрачный			
	1.6		24.6*17.1*22.3 см		1 год	производителем						включения, уровня воды			1.7		нержавеющая сталь/ пластик		Да	Да	Да					2400										Китай		ТЭН	Да		зеленый			
	0.9	новый	21*16*18 см		1 год	производителем	100 *С	0.7				включения, уровня воды	1	1	1.7		термостойкий пластик		Да				Да			2200						новый		нажатие		Китай		закрытая спираль	Да		черный	отсутствует		отсутствует
	1.1	новый	23.5*21.5*18 см		1 год	производителем	10-100 *С	1.2				включения, уровня воды	1	1	1.7		стекло/ пластик		Да	Да	Да		Да		Да	2200						новый		нажатие		Китай		ТЭН	Да		белый/ голубой	голубой		отсутствует
	0.8				2 года	производителем						включения	1		1.8		нержавеющая сталь/ пластик		Да	Да						1800										Китай		диск	Да		стальной			
	0.97		22*20*17 см		1 год	производителем	10-100 *С	1.4				включения, уровня воды	1		1.7		пластик		Да	Да	Да		Да			2200										Китай		диск	Да		черный			
	0.8		20*15*15 см		1 год	производителем	100-60 *С	1				включения	1		1		нержавеющая сталь		Да		Да					1630										Китай		закрытая спираль			зеленый			
	1.2	новый	23.8*22.4*17.2 см		2 года	производителем	100-100 *С	0.7				включения, уровня воды	1	1	1.7		стекло/ пластик		Да	Да	Да		Да		Да	2200						новый		нажатие		Китай		диск	Да		черный	голубой		отсутствует
	1.35	новый	25*22*17 см		2 года	производителем	100-100 *С	0.76				включения, уровня воды	1	2	1.7		нержавеющая сталь/ пластик		Да	Да	Да					2000						новый		нажатие		Китай		диск	Да		белый	отсутствует		отсутствует
	1.48	новый	25*17*22.5 см		2 года	производителем	10-100 *С	0.73				включения, уровня воды	1	2	1.7		нержавеющая сталь/ пластик		Да	Да	Да		Да			2000						новый	Да	нажатие		Китай		ТЭН	Да	поддержание температуры	черный	отсутствует		отсутствует
	1.08	новый	23.5*21*16 см		2 года	производителем	100-100 *С	0.7				включения, уровня воды	1	1	1.7		стекло/ пластик		Да	Да	Да		Да		Да	2200						новый		полностью съемная		Китай		ТЭН	Да		черный	голубой		отсутствует
	1.1	новый			1 год	производителем	100 *С	0.6				включения, уровня воды	1	1	1.7		стекло		Да	Да			Да		Да	2200						новый		нажатие		Китай		диск	Да		серебристый	голубой		отсутствует
	1	новый	20*20*15.2 см		1 год	производителем	100 *С				Да	включения, уровня воды		2	0.8		пластик		Да	Да	Да					1400						новый				Китай		ТЭН	Да		голубой			отсутствует
	1.23				1 год	производителем	100 *С					включения	1		1.8		нержавеющая сталь/ пластик		Да	Да						1500										Китай		ТЭН	Да		нержавеющая сталь/ черный			
	1.1	новый			1 год	производителем	100 *С	0.75				включения, уровня воды	1	1	1.7		стекло		Да	Да			Да		Да	2200						новый		нажатие		Китай		диск	Да		прозрачный/ черный	голубой		отсутствует
	1	новый	21*16*20 см		1 год	производителем	100-100 *С	0.7				включения, уровня воды	1		1.7		нержавеющая сталь		Да	Да	Да					2200						новый		кнопка на корпусе		Китай		диск	Да		белый	отсутствует		отсутствует
	1.3	новый	23.5*22*15 см		2 года	производителем	10-100 *С					включения, уровня воды, температуры	5	2	1.7		пластик		Да	Да	Да		Да			2200		Да				новый	Да	кнопка на корпусе		Китай		диск	Да	поддержание температуры	белый	отсутствует		отсутствует
	1	новый	21.5*16*19.5 см		1 год	производителем	100-100 *С	0.8				включения, уровня воды	1	1	1.8		термостекло		Да	Да	Да		Да		Да	2200						новый		нажатие		Китай		диск	Да		белый	синий		отсутствует
	1.18	новый	23*21*18 см		1 год	производителем	10-100 *С	1.4				включения, уровня воды	1	1	1.7		пластик/ стекло		Да	Да	Да		Да		Да	2200						новый		нажатие		Китай		диск	Да		белый	синий		отсутствует
	1.28		19*19*27 см		1 год	производителем	100-100 *С	1				включения, уровня воды	1	1	1.8		пластик/ стекло		Да	Да	Да		Да			2200								полностью съемная		Китай		закрытая спираль	Да		черный	отсутствует		отсутствует
	1.4				2 года	производителем	100-100 *С	0.8				включения, уровня воды	1		1.7		нержавеющая сталь/ пластик		Да	Да						2200										Китай		диск	Да		голубой			
	1.3	новый			1 год	производителем	100-100 *С					включения, уровня воды	1	1	1.7		стекло		Да	Да	Да		Да		Да	2200						новый		полностью съемная		Китай		диск	Да		прозрачный/ серебристый	голубой		отсутствует
	0.94		24.4*24.5*18.4 см		1 год	производителем	100-100 *С	0.7				включения	1	1	1		нержавеющая сталь		Да	Да	Да		Да			1260								полностью съемная		Китай		ТЭН			белый/ красный			отсутствует
	1		20*20*15.2 см		1 год	производителем						включения, уровня воды			0.8		пластик		Да	Да	Да					1400										Китай		ТЭН	Да		розовый			
	1.18	новый	24.5*22.2*15.3 см		1 год	производителем	100-100 *С	0.75			Да	включения, уровня воды, температуры	1	2	1.7		пластик/ стекло		Да	Да	Да		Да			2200						новый		кнопка на корпусе		Китай		диск	Да		слоновая кость	отсутствует		отсутствует
	1.62		30*22.8*26.5 см		2 года	производителем	100-100 *С	0.77				включения	1	1	4.2		нержавеющая сталь		Да	Да			Да			2200						новый		полностью съемная		Китай		диск	Да		нержавеющая сталь/ черный	отсутствует		отсутствует
	1.4	новый	22*17*21 см		1 год	производителем	40-100 *С	1	Да			включения, уровня воды, температуры	4	1	1.5		термостекло		Да	Да	Да		Да			2200		Да				новый	Да	полностью съемная		Китай		диск	Да	заваривание чая, поддержание температуры	бежевый	отсутствует		отсутствует
	1.23		25.5*19*22 см		1 год	производителем	100-100 *С	0.65				включения, уровня воды	1	1	1.8		стекло/ пластик		Да	Да	Да		Да		Да	2200						новый		нажатие		Китай		закрытая спираль	Да		черный	голубой		отсутствует
	1.09		26.6*21.2*15.7 см		1 год	производителем	40-100 *С	0.6			Да	включения, температуры	7	2	1.7		пластик/ нержавеющая сталь		Да	Да	Да		Да			2200		Да		Да			Да	кнопка на корпусе		Китай		ТЭН		поддержание температуры	черный		Да	отсутствует
	1.16		24.2*21.5*15.6 см		1 год	производителем	100-100 *С	0.7				включения, уровня воды	1	1	1.7		нержавеющая сталь		Да	Да	Да		Да			1850								кнопка на корпусе		Китай		ТЭН	Да		белый/ рисунок			отсутствует
	1.32	новый	25.5*19.5*23.5 см		1 год	производителем	1-100 *С	1				включения, уровня воды	1	1	2		жаропрочное стекло		Да	Да	Да		Да		Да	2200						новый		кнопка на корпусе		Китай		диск	Да		белый	синий		отсутствует
	1.2		19.5*19.5*22 см		2 года	производителем	40-100 *С	0.8				включения, уровня воды, температуры	1		1.7		жаропрочное стекло		Да	Да	Да					2200										Китай		ТЭН			черный			
	1.1	новый	25*21*15 см		1 год	производителем	40-100 *С	0.7				включения, уровня воды	1	2	1.5		стекло/ пластик		Да	Да	Да		Да		Да	1500						новый		полностью съемная		Китай		скрытый нагревательный элемент			синий	синий		
	1.2	новый	24.5*16*22 см		1 год	производителем	100 *С	0.6				включения, уровня воды	1	1	1.8		пластик/ стекло		Да	Да	Да		Да		Да	1850						новый		нажатие		Россия		ТЭН	Да		бежевый	синий		отсутствует
	1.08	новый	24*15*22 см		1 год	производителем	100 *С	0.8				включения, уровня воды	1	1	1.7		нержавеющая сталь		Да	Да	Да		Да			2200						новый		кнопка на корпусе		Китай		ТЭН	Да		нержавеющая сталь			
	1.2	новый	22.5*17*21 см		2 года	производителем	100-100 *С	0.6				включения, уровня воды	1	1	2		термостекло		Да	Да	Да		Да		Да	2200						новый		кнопка на корпусе		Китай		диск	Да		белый	синий		отсутствует
	0.875		21*17*20 см		1 год	производителем	10-100 *С	1				включения	1		1.7		пластик		Да	Да	Да		Да			2200										Китай		закрытая спираль	Да		белый/ серый			
	3.56		27*43.5*25.3 см		1 год	производителем	5-100 *С	0.7	Да			включения, уровня воды	1	1	1.7		стекло/ нержавеющая сталь/ пластик		Да	Да	Да				Да	2200							Да	кнопка на корпусе		Китай		ТЭН		заваривание чая, поддержание температуры	черный/ серебристый		Да	отсутствует
	1.2		23*20*20 см		2 года	производителем	100-100 *С	1.2				включения, уровня воды	1	1	1.7		пластик		Да	Да	Да					2200						новый		полностью съемная		Китай		диск	Да		черный	отсутствует		отсутствует
	1		25.5*22.6*16.4 см		1 год	производителем	5-100 *С	0.6				включения, уровня воды, температуры	1	1	1.7		нержавеющая сталь		Да	Да	Да		Да		Да	2000								кнопка на корпусе		Китай		диск	Да		серый/ розовый			отсутствует
	1.2		29*19*19 см		1 год	производителем	100-100 *С	0.75				включения, уровня воды	1	1	1.8		термостекло		Да	Да			Да		Да	2200						новый		кнопка на корпусе		Китай		диск	Да		черный/ серебристый	синий		отсутствует
	0.9	новый			2 года	производителем	100-100 *С	0.67				включения, уровня воды	1	1	1.7		пластик		Да	Да						2200						новый		полностью съемная		Китай		диск	Да		белый	отсутствует		отсутствует
	0.9	новый	23*16*16 см		1 год	производителем	100-100 *С	0.7				включения, уровня воды	1	1	2		пластик		Да	Да	Да		Да			2200						новый		кнопка на корпусе		Китай		диск	Да		белый	отсутствует		отсутствует
	0.95	новый	23*17*21 см		1 год	производителем	1-100 *С	1.5				включения	1	1	2		нержавеющая сталь		Да	Да	Да		Да			1500						новый		нажатие		Китай		ТЭН			черный	отсутствует		отсутствует
	0.9		22*17.5*17.5 см		1 год	производителем	10-100 *С	0.7				уровня воды	1		1.7		пластик		Да	Да	Да		Да			2200										Китай		ТЭН	Да		белый			
	0.9		24*14.5*22 см		1 год	производителем	100 *С	0.7				включения, уровня воды	1	1	1.7		полимер/ пластик		Да	Да	Да		Да		Да	2200						новый		кнопка на корпусе		Россия		закрытая спираль	Да		черный/ красный			отсутствует
	0.74	новый	24.8*16*22.1 см		1 год	производителем	100 *С	0.75				включения	1	1	1.8		нержавеющая сталь		Да	Да	Да		Да			1500						новый		нажатие		Китай		ТЭН			серебристый	отсутствует		отсутствует
	1.1	новый	21.5*17*20 см		1 год	производителем	100-100 *С	0.7				включения, уровня воды, температуры	1	1	1.7		нержавеющая сталь		Да	Да	Да		Да			2200						новый		кнопка на корпусе		Китай		диск	Да		черный/ бронзовый	отсутствует		отсутствует
	0.9	новый			1 год	производителем	100 *С	0.6				включения	1	1	1.8		нержавеющая сталь		Да	Да	Да		Да			1500						новый		нажатие		Китай		ТЭН	Да		нержавеющая сталь	отсутствует		отсутствует
	1.3		23*18*21 см		1 год	производителем	100-100 *С	0.75				включения, уровня воды	1	1	1.7		термостойкое стекло		Да	Да			Да		Да	2200						новый		кнопка на корпусе		Китай		диск	Да		черный/ прозрачный	синий		отсутствует
	0.92		25.5*20*15.4 см		1 год	производителем	5-100 *С	0.6				включения	1	1	1.7		пластик		Да	Да	Да		Да			2200								полностью съемная		Китай		диск			оранжевый/ серебристый			отсутствует
	0.68		24.5*22*16.5 см		1 год	производителем	100 *С	0.75				включения, уровня воды	1		1.8		нержавеющая сталь		Да				Да			1850										Китай		ТЭН	Да		нержавеющая сталь/ оранжевый			
	1.6		25*23*17 см		1 год	производителем	40-100 *С	1			Да	включения, уровня воды	1	2	1.5		металл/ пластик		Да	Да	Да					3000								кнопка на корпусе		Китай		закрытая спираль	Да		серый			отсутствует
	0.9	новый	22*17.5*17.5 см		1 год	производителем	100-100 *С	0.7				включения, уровня воды	1	1	1.7		пластик		Да	Да	Да		Да			2200						новый		полностью съемная		Китай		ТЭН	Да		черный	отсутствует		отсутствует
	3.53		25.3*43.5*27 см		1 год	производителем	5-100 *С	0.7	Да			включения, уровня воды	1	1	1.7		стекло/ нержавеющая сталь/ пластик		Да	Да	Да				Да	2200							Да	кнопка на корпусе		Китай		ТЭН		заваривание чая, поддержание температуры	черный/ серебристый		Да	отсутствует
	0.74		23.3*22.2*15.4 см		1 год	производителем	100 *С	0.6				включения, уровня воды	1	1	1.7		пластик		Да	Да	Да		Да			2200								кнопка на корпусе		Китай		диск	Да		белый/ серый/ серебристый			отсутствует
	1.9	новый	25.5*24*14 см		2 года	производителем	100 *С	0.8				включения, уровня воды	1	2	1.6		нержавеющая сталь		Да	Да	Да		Да			2400						новый		кнопка на корпусе		Китай		ТЭН	Да	поддержание температуры	нержавеющая сталь			
	1.32		27.5*24.5*17.5 см		1 год	производителем	5-100 *С	0.8				включения	1	1	3		пластик/ стекло		Да	Да	Да		Да		Да	2000								кнопка на корпусе		Китай		диск			серый/ прозрачный			отсутствует
	0.76	новый	22.7*18.3*17.8 см		1 год	производителем	100 *С	0.59				включения	1	1	1.8		нержавеющая сталь/ пластик		Да	Да	Да		Да			1500						новый		нажатие		Китай		ТЭН	Да		серебристый/ голубой	отсутствует		отсутствует
	1.2		24.8*21.5*16.3 см		1 год	производителем	100-100 *С	0.7				включения, уровня воды	1	2	1.7		пластик/ нержавеющая сталь		Да	Да	Да		Да			2200						новый		кнопка на корпусе		Китай		диск	Да		коричневый/ черный	отсутствует		отсутствует
	1.5	новый	20*35*25 см		1 год	производителем	40-100 *С	0.75	Да			включения, уровня воды, температуры	7	1	1.7		нержавеющая сталь/ стекло		Да	Да	Да		Да		Да	2200		Да				новый	Да	полностью съемная		Китай		закрытая спираль		заваривание чая, поддержание температуры	серый	синий	Да	отсутствует
	1		22.3*21.5*15.5 см		1 год	производителем	100-100 *С	0.75				включения, уровня воды	1	1	1.7		нержавеющая сталь		Да	Да			Да			2100						новый		кнопка на корпусе		Китай		диск	Да		бежевый	отсутствует		отсутствует
	1.2	новый	26*20*20 см		2 года	производителем	100-100 *С	0.72				включения, уровня воды	1	1	1.7		нержавеющая сталь		Да	Да			Да			2200						новый		полностью съемная		Китай		диск	Да		малиновый			
	0.95			24.7*27.8*16 см	1 год	производителем											нержавеющая сталь/ пластик	0.4																	2 года	Китай					розовый/ черный			
	1	новый	28*18*18 см		1 год	производителем	100-100 *С	1.5				включения, уровня воды	1	1	1.8		пластик/ стекло		Да	Да	Да		Да		Да	1500						новый		нажатие		Китай		диск			черный	голубой		отсутствует
	1		25.5*21*21 см		1 год	производителем	100-100 *С	1				включения, уровня воды, температуры	1	1	1.8		металл		Да	Да	Да					2200								полностью съемная		Китай		закрытая спираль	Да		бежевый	отсутствует		отсутствует
	0.4		16*22*21 см		1 год	производителем	100-100 *С	0.7			Да	включения, уровня воды	1	1	1.7		пластик		Да	Да	Да		Да			2200								кнопка на корпусе		Китай		диск	Да		белый	отсутствует		отсутствует
	1.21	новый	25.2*16*22.5 см		1 год	производителем	40-100 *С	0.75			Да	включения, уровня воды, температуры	4		1.7		сталь		Да	Да	Да		Да		Да	2400		Да				новый	Да	полностью съемная		Китай		скрытый нагревательный элемент	Да	поддержание температуры	серый	желтый		
	2.5	новый	26.9*21*23.8 см		2 года	производителем	38-100 *С		Да			включения, уровня воды, температуры	5	1	1.6		нержавеющая сталь		Да	Да	Да	Да	Да		Да	3000		Да		Да		новый	Да	полностью съемная		Китай		диск	Да	заваривание чая, поддержание температуры	нержавеющая сталь	синий	Да	отсутствует
	0.8		22*13*19 см		2 года	производителем	40-100 *С	0.8		Да		включения		1	1.7		пластик		Да	Да	Да		Да			2200								кнопка на корпусе		Китай		ТЭН	Да		белый	отсутствует		отсутствует
	1		19*21*16 см		1 год	производителем	1-100 *С	0.75				включения, уровня воды	1	2	2		пластик/ нержавеющая сталь		Да	Да			Да			2200						новый		кнопка на корпусе		Китай		диск	Да		кремовый			отсутствует
	1.12		21*23*18 см		2 года	производителем	10-100 *С	0.7				включения, уровня воды	1	1	1.7		термопластик		Да	Да	Да					2200						новый		кнопка на корпусе		Китай		диск	Да		белый	отсутствует		отсутствует
	1		29*20*20 см		1 год	производителем	100-100 *С	1				включения, уровня воды	1	1	1.7		термостойкое стекло		Да	Да	Да		Да		Да	2200								кнопка на корпусе		Китай		закрытая спираль	Да		черный	синий		отсутствует
	0.91		25.3*22.8*15.5 см		1 год	производителем	5-100 *С	0.6				включения, уровня воды	1	1	1.7		нержавеющая сталь		Да	Да	Да		Да		Да	2200								кнопка на корпусе		Китай		диск	Да		черный/ темно-коричневый			отсутствует
	1	новый	25.5*14*19.5 см		2 года	производителем	100-100 *С	0.8				включения, уровня воды	1	1	1.7		пластик		Да	Да	Да		Да			3000						новый		нажатие		Китай		диск	Да		черный	отсутствует		отсутствует
	0.9		17.5*22.2*20.8 см		2 года	производителем	20-100 *С	0.9		Да		включения	1	1	1.8		пластик		Да	Да	Да		Да			2200								кнопка на корпусе		Китай		ТЭН	Да		черный			отсутствует
	1.59		21*23*18 см		2 года	производителем	10-100 *С	0.7				включения, уровня воды, температуры	1	1	1.5		термостойкое стекло		Да	Да	Да				Да	1500		Да		Да		новый		нажатие		Китай		диск	Да		белый	отсутствует	Да	отсутствует
	1	новый	19*16*19 см		2 года	производителем	40-100 *С	0.8				включения, уровня воды, температуры	1	1	1.7		сталь		Да	Да	Да		Да			2200						новый		полностью съемная		Китай		ТЭН			античная бронза/ черный	отсутствует		отсутствует
	1.1		21*16.5*19 см		1 год	производителем	100-100 *С	0.75				включения, уровня воды	1	1	1.7		нержавеющая сталь		Да	Да			Да			2200						новый		кнопка на корпусе		Китай		диск	Да		стальной/ черный			отсутствует
	1.3	новый	26.2*21.5*15.8 см		1 год	производителем	50-100 *С	0.7				включения, уровня воды, температуры	6	2	1.7		пластик/ металл		Да	Да	Да		Да			2200		Да				новый	Да			Китай		скрытый нагревательный элемент		поддержание температуры	черный			
	1			17.2*30*23.5 см	1 год	производителем											нержавеющая сталь	0.4																	2 года	Китай					синий/ черный			
	1		19*20*19 см		1 год	производителем	1-100 *С	0.75				включения, уровня воды, температуры	1	2	1.5		пластик/ нержавеющая сталь		Да	Да			Да			2200						новый		полностью съемная		Китай		диск			кремовый			отсутствует
	1.1		27*21*13.5 см		1 год	производителем	100-100 *С	0.8				включения, уровня воды	1	1	1.7		нержавеющая сталь		Да	Да	Да					3000						новый		нажатие		Китай		диск	Да		нержавеющая сталь	отсутствует		отсутствует
	0.9	новый	24*24*16 см		6 месяцев	производителем	100 *С	0.7				включения, уровня воды	1	1	1.8		металл		Да	Да	Да		Да			1500						новый		нажатие		Китай		закрытая спираль	Да		черный/ голубой	отсутствует		отсутствует
	0.9		19*20*19 см		1 год	производителем	1-100 *С	0.75				включения, уровня воды, температуры	1	2	1.5		пластик/ нержавеющая сталь		Да	Да			Да			2200						новый		полностью съемная		Китай		диск	Да		кремовый			отсутствует
	0.8		21*16*20 см		2 года	производителем	40-100 *С	0.8				включения, уровня воды, температуры	1		1.7		ПВХ/ пластик		Да	Да	Да					2200										Китай		ТЭН	Да		черный			
	1		19*21*16 см		1 год	производителем	1-100 *С	0.75				включения, уровня воды	1	2	2		пластик/ нержавеющая сталь		Да	Да			Да			2200						новый		кнопка на корпусе		Китай		диск	Да		кремовый			отсутствует
	1.35	новый	21*21*21 см		2 года	производителем	100-100 *С	0.65				включения, уровня воды, температуры	1	1	1.8		нержавеющая сталь/ пластик		Да	Да	Да		Да			2200						новый		полностью съемная		Китай		диск	Да		белый	отсутствует		отсутствует
	0.9	новый	23*16*16 см		1 год	производителем	100-100 *С	0.7				включения, уровня воды	1	1	2		пластик		Да	Да	Да		Да			2200						новый		нажатие		Китай		ТЭН	Да		черный	отсутствует		отсутствует
	1.3		24*21*16 см		1 год	производителем	80-100 *С	0.7			Да	включения, уровня воды, температуры	3	1	1.7		термостойкое стекло		Да	Да	Да		Да		Да	2400		Да						кнопка на корпусе		Китай	Да	диск	Да	снижения уровня шума	серебристый			отсутствует
	1.02		24*22.5*16.5 см		1 год	продавцом	40-100 *С	0.8				включения, уровня воды		1	1.8		стекло/ нержавеющая сталь/ пластик		Да	Да	Да		Да		Да	1500						новый		нажатие		Китай		диск			черный/ серебристый	синий		отсутствует
	0.82		22.5*15*21 см		1 год	производителем	1-100 *С	0.6				включения, уровня воды	1	1	1.8		металл/ пластик		Да	Да			Да			2200						новый		кнопка на корпусе		Китай		диск	Да		черный/ нержавеющая сталь			отсутствует
	1.02		21.5*21*13 см		1 год	производителем	5-100 *С	0.7				включения, уровня воды	1	1	1.5		пластик		Да	Да	Да		Да		Да	1200								полностью съемная		Китай		диск	Да		бордовый			отсутствует
	1		19*16*19 см		2 года	производителем	40-100 *С	0.8				включения, уровня воды, температуры	1		1.7		сталь		Да	Да	Да					2200										Китай		ТЭН			античная бронза/ черный			
	1		19*20*19 см		1 год	производителем	1-100 *С	0.75				включения, уровня воды, температуры	1	2	1.5		пластик/ нержавеющая сталь		Да	Да			Да			2200						новый		полностью съемная		Китай		диск			серебристый/ кремовый			отсутствует
	1.2	новый			2 года	производителем	100 *С	0.7				включения, уровня воды	1	1	1.7		стекло		Да	Да	Да		Да		Да	2200						новый		нажатие		Китай		ТЭН	Да		серебристый/ черный	синий		отсутствует
	0.9		19*20*19 см		1 год	производителем	1-100 *С	0.75				включения, уровня воды	1	2	1.5		пластик/ нержавеющая сталь		Да	Да			Да			2200						новый		кнопка на корпусе		Китай		диск	Да		серебристый/ кремовый			отсутствует
	1.2	новый	24*17.5*20.5 см		2 года	производителем	100-100 *С	0.8				включения	1	1	1.5		пластик		Да				Да			2200						новый		нажатие		Китай		закрытая спираль	Да		бежевый	отсутствует		отсутствует
	1	новый	22*16*20 см		2 года	производителем	100-100 *С	1				включения, уровня воды, температуры	1	1	1.7		нержавеющая сталь		Да	Да	Да		Да			2200						новый		кнопка на корпусе		Китай		диск	Да		белый	отсутствует		отсутствует
	1.18	новый	24.5*22.2*15.3 см		1 год	производителем	40-100 *С	0.75			Да	включения, уровня воды, температуры	3		1.7		пластик/ стекло		Да	Да	Да		Да			2200		Да				новый	Да	кнопка на корпусе		Китай		диск	Да		черный	отсутствует		отсутствует
	1.08		21*23*18 см		2 года	производителем	10-100 *С	0.7				включения, уровня воды	1	1	1.7		термопластик		Да	Да	Да					2200						новый		кнопка на корпусе		Китай		диск	Да		белый	отсутствует		отсутствует
	0.94		24.4*21.1*14.3 см		1 год	производителем	100-100 *С	1.4				включения	1	2	1.5		нержавеющая сталь		Да				Да			1500						новый		нажатие		Китай		закрытая спираль			белый			отсутствует
	1	новый	22*17*20 см		2 года	производителем	100-100 *С	0.8				включения, уровня воды	1	1	2		сталь		Да	Да	Да		Да			2200						новый		кнопка на корпусе		Китай		ТЭН	Да		молочный жемчуг	отсутствует		отсутствует
	0.82		22.5*15*21 см		1 год	производителем	1-100 *С	0.6				включения, уровня воды	1	1	1.8		металл/ пластик		Да	Да			Да			2200						новый		кнопка на корпусе		Китай		диск	Да		черный/ нержавеющая сталь			отсутствует
	0.8		23.5*19*17.5 см		1 год	производителем	100 *С	0.6				включения, уровня воды	1		1.8		металл		Да	Да			Да			1600										Китай		закрытая спираль	Да		нержавеющая сталь			
	0.85	новый	21*20*14.5 см		1 год	производителем	1 *С	0.85				включения, уровня воды	1	2	1.7		стекло		Да	Да			Да		Да	1800						новый		кнопка на корпусе		Китай		закрытая спираль	Да		черный	голубой		отсутствует
	1.5	новый	25.5*41.5*22.5 см		1 год	производителем	100 *С	0.7	Да			включения, уровня воды	1	1	2		пластик/ стекло		Да	Да	Да				Да	1500						новый		нажатие		Китай		диск		заваривание чая, поддержание температуры	черный/ прозрачный	голубой		отсутствует
	1.1		20.8*26.1*16 см		1 год	производителем	100-100 *С	0.75				включения, уровня воды	1	1	1.5		стекло		Да	Да	Да		Да		Да	2200								полностью съемная		Китай		закрытая спираль	Да		серебристый	синий		отсутствует
	0.95	новый	23.3*21*15.7 см		1,5 года	производителем	60-100 *С	0.85				включения, уровня воды	1	1	1.8		сталь/ стекло		Да	Да	Да				Да	2200						новый		кнопка на корпусе		Китай		ТЭН	Да	поддержание температуры	черный/ стальной	синий		отсутствует
	1.08		21*23*18 см		2 года	производителем	10-100 *С	0.7				включения, уровня воды	1	1	1.7		термопластик		Да	Да	Да					2200						новый		кнопка на корпусе		Китай		диск	Да		черный	отсутствует		отсутствует
	1.18		25*21.4*23 см		1 год	производителем	100-100 *С	0.75				включения	1	1	1.7		боросиликатное стекло/ нержавеющая сталь/ пластик		Да	Да	Да		Да		Да	2200						новый		кнопка на корпусе		Китай		диск	Да		прозрачный/ черный/ серебристый	синий		отсутствует
	0.9	новый	22*17.5*17.5 см		1 год	производителем	100-100 *С	0.7				включения, уровня воды	1	1	1.7		пластик		Да	Да	Да		Да			2200						новый		полностью съемная		Китай		ТЭН	Да		белый	отсутствует		отсутствует
	1.1	новый	27*21*14 см		1 год	производителем	5-100 *С	0.8			Да	включения, уровня воды	1	1	1.7		нержавеющая сталь		Да	Да	Да		Да			3000						новый		нажатие		Китай		диск	Да		матовое серебро	отсутствует		отсутствует
	0.9		22.6*14.5*21.5 см		1 год	производителем	100-100 *С	0.75				включения, уровня воды	1	1	1.8		боросиликатное стекло/ нержавеющая сталь/ пластик		Да	Да	Да		Да		Да	2000						новый		полностью съемная		Китай		диск	Да		стальной/ черный/ прозрачный			отсутствует
	1		27*19.3*20.5 см		1 год	производителем	100-100 *С	0.85				включения, уровня воды	1	1	1.5		пластик		Да	Да	Да					2200							Да	нажатие		Китай		ТЭН	Да		белый	отсутствует		отсутствует
	0.9		22.5*15.6*20 см		1 год	производителем	20-100 *С	0.75			Да	включения, уровня воды, температуры	1	1	1.7		пластик		Да	Да	Да		Да			2200						новый		кнопка на корпусе		Китай		ТЭН	Да		слоновая кость	отсутствует		отсутствует
	1	новый	25*22*16 см		1 год	производителем	40-90 *С	0.75				включения, уровня воды, температуры	6	2	1.5		пластик		Да	Да	Да		Да			2200		Да		Да		новый	Да	кнопка на корпусе		Китай		диск	Да	поддержание температуры	черный	отсутствует	Да	отсутствует
	1.1	новый	29*20.2*15.5 см		1 год	производителем	100-100 *С	0.7				включения	1	2	1.5		нержавеющая сталь/ пластик		Да	Да	Да		Да			1800						новый	Да	кнопка на корпусе		Китай		скрытый нагревательный элемент	Да	поддержание температуры	белый			
	1.2		24.8*21.5*16.3 см		1 год	производителем	100-100 *С	0.7				включения, уровня воды	1	2	1.7		пластик/ нержавеющая сталь		Да	Да	Да		Да			2200						новый		кнопка на корпусе		Китай		диск	Да		черный/ серебристый	отсутствует		отсутствует
	0.73	новый	21.6*28.2*14.5 см		1 год	производителем	100 *С	0.7				включения	1	1	1		пластик/ нержавеющая сталь		Да	Да	Да		Да			2000						новый		полностью съемная		Китай		диск			бежевый/ серый	отсутствует		отсутствует
	1.2		21*22*18 см		2 года	производителем	10-100 *С	0.7				включения, уровня воды, температуры	4	1	1.7		нержавеющая сталь		Да	Да	Да				Да	2200		Да		Да		новый		нажатие		Китай		диск	Да	поддержание температуры	черный	отсутствует	Да	отсутствует
	0.87	новый	23*17*20.5 см		1 год	производителем	100-100 *С	1				включения, уровня воды	1	1	1.8		нержавеющая сталь		Да	Да	Да		Да			1500						новый		нажатие		Китай		диск	Да		черный	отсутствует		отсутствует
	1.35		23.5*19*21 см		1 год	производителем	100-100 *С	0.75				включения, уровня воды	1	1	1.7		термостойкое стекло		Да	Да			Да		Да	2200						новый		кнопка на корпусе		Китай		диск	Да		черный/ серебристый	синий		отсутствует
	1.39	новый	23.4*15.4*22.6 см		1 год	производителем	45-100 *С	0.8			Да	включения, температуры	6	2	1.5		нержавеющая сталь		Да	Да	Да		Да			2200		Да		Да		новый	Да	кнопка на корпусе		Китай		диск		поддержание температуры	серый	отсутствует	Да	
	1.12		21*23*18 см		2 года	производителем	10-100 *С	0.7				включения, уровня воды	1	1	1.7		термопластик		Да	Да	Да					2200						новый		кнопка на корпусе		Китай		диск	Да		белый	отсутствует		отсутствует
	1		21*16*20 см		2 года	производителем	40-100 *С	0.8				включения, уровня воды, температуры	1		1.7		ПВХ/ пластик		Да	Да	Да					2200										Китай		ТЭН	Да		черный			
	0.8	новый	20*17.5*17.5 см		2 года	производителем	100-100 *С	1				включения, уровня воды, температуры	1	1	1.7		нержавеющая сталь		Да	Да	Да					2200						новый		полностью съемная		Китай		диск	Да		бежевый			отсутствует
	1		23.5*22*15.5 см		2 года	производителем	12-100 *С	0.8			Да	включения, уровня воды	1	1	1.7		сталь		Да	Да	Да		Да			2200						новый		нажатие		Китай		диск	Да		нержавеющая сталь	отсутствует		отсутствует
	0.95		23*20*20 см		1 год	производителем	10-100 *С	0.7				включения	1	1	1.8		нержавеющая сталь/ пластик		Да	Да	Да		Да			2200						новый	Да	нажатие		Китай		ТЭН	Да		черный	отсутствует		отсутствует
	0.994	новый	25*15.5*21.5 см		2 года	производителем	30-100 *С	0.77				включения	1	2	1.7		пластик		Да	Да			Да			2000						новый	Да	нажатие		Китай		диск			зеленый	отсутствует		отсутствует
	1.04				1 год	производителем	100 *С					включения, уровня воды	1		1.7		пластик/ стекло		Да	Да	Да		Да			2200										Китай		диск	Да		черный			
	1.2		26.4*15.7*21.5 см		1 год	производителем	100-100 *С	0.7				включения	1		1.5		металл/ пластик		Да	Да	Да		Да			2200						новый				Китай		скрытый нагревательный элемент			черный			отсутствует
	1.18		25*21.4*23 см		1 год	производителем	70-100 *С	0.75				включения	1		1.7		металл/ стекло		Да	Да	Да		Да			2200						новый				Китай		диск	Да		серебристый			отсутствует
	0.9	новый	23*16*16 см		1 год	производителем	100-100 *С	0.7				включения, уровня воды	1	1	2		пластик		Да	Да	Да		Да			2200						новый		нажатие		Китай		ТЭН	Да		черный	отсутствует		отсутствует
	0.886		23*15*21.5 см		1 год	производителем	5-100 *С	0.7				включения, уровня воды, температуры	5	1	1.7		нержавеющая сталь/ пластик/ термостекло		Да	Да	Да		Да			2200		Да				новый		кнопка на корпусе		Китай		диск	Да		черный/ металлик			отсутствует
	1.26		22*18*20 см		1 год	производителем	100-100 *С	0.65				включения, уровня воды	1	1	1.7		стекло/ пластик/ нержавеющая сталь		Да	Да			Да		Да	2200						новый		кнопка на корпусе		Китай		диск	Да		белый/ нержавеющая сталь	голубой		отсутствует
	1.12		21*23*18 см		2 года	производителем	10-100 *С	0.7				включения, уровня воды	1	1	1.7		термопластик		Да	Да	Да					2200						новый		кнопка на корпусе		Китай		диск	Да		черный	отсутствует		отсутствует
	0.8		22*13*19 см		2 года	производителем	40-100 *С	0.8				включения	1	1	1.7		термостойкий пластик		Да	Да	Да		Да			2200								кнопка на корпусе		Китай		закрытая спираль	Да		белый	отсутствует		отсутствует
	1.2		29*19*19 см		1 год	производителем	100-100 *С	0.75				включения, уровня воды	1	1	1.8		термостекло		Да	Да			Да		Да	2200						новый		кнопка на корпусе		Китай		диск	Да		черный/ прозрачный	синий		отсутствует
	1.4				2 года	производителем	100 *С	0.75				включения, уровня воды	1		1.7		металл		Да	Да	Да		Да			2200										Китай		закрытая спираль	Да		серебристый/ черный			
	0.9	новый	23.5*20.5*15.5 см		1 год	производителем	30-100 *С	0.7				включения, уровня воды	1	1	1.8		стекло/ пластик		Да	Да	Да		Да		Да	2200						новый		нажатие		Китай		закрытая спираль			бордовый	синий		отсутствует
	1.14		24*15.5*22 см		1 год	производителем	40-100 *С	0.7					1		1.7		стекло/ пластик		Да	Да	Да					2200		Да				новый		кнопка на корпусе		Китай		диск	Да		черный			отсутствует
	1.28		19*19*27 см		1 год	производителем	100-100 *С	1				включения, уровня воды	1	1	1.8		пластик/ стекло		Да	Да	Да		Да			2200								полностью съемная		Китай		закрытая спираль	Да		белый	отсутствует		отсутствует
	1.175		23.8*19*19 см		1 год	производителем	100 *С	0.57				включения	1	1	1.8		алюминий/ сталь/ стекло		Да		Да		Да		Да	1500						новый	Да	ручное		Китай		диск			серебристый	голубой		отсутствует
	0.9	новый	24*24*16 см		6 месяцев	производителем	100 *С	0.7				включения, уровня воды	1	1	1.8		металл		Да	Да	Да		Да			1500						новый		нажатие		Китай		закрытая спираль	Да		черный/ зеленый	отсутствует		отсутствует
	1.37		26.6*16*23.7 см		1 год	производителем	100 *С	0.7				уровня воды	1	2	1.5		пластик/ нержавеющая сталь		Да	Да	Да		Да			1500						новый		полностью съемная		Китай		закрытая спираль			белый	отсутствует		отсутствует
	1.2	новый	22.5*17*21 см		1 год	производителем	100-100 *С	0.8				включения, уровня воды	1	1	2		термостекло		Да	Да	Да		Да		Да	2200						новый		кнопка на корпусе		Китай		диск	Да		белый	синий		отсутствует
	1.23	новый	24*17*23 см		1 год	производителем	100 *С	0.7				включения, уровня воды	1	1	1.8		пластик		Да	Да	Да		Да			2200						новый		нажатие		Китай		ТЭН	Да		белый	отсутствует		отсутствует
	1		21*22*21 см		1 год	производителем	100 *С	0.7			Да	включения, уровня воды	1	2	1.7		нержавеющая сталь/ пластик		Да	Да	Да		Да		Да	2200		Да		Да			Да	кнопка на корпусе		Китай		диск	Да	поддержание температуры	синий	синий	Да	отсутствует
	1	новый	24.2*21.5*15.5 см		1 год	производителем	60-100 *С	0.6			Да	включения, уровня воды	1	1	1.7		термостекло/ пластик/ нержавеющая сталь		Да	Да	Да		Да		Да	2200		Да				новый		кнопка на корпусе		Китай		диск	Да		стальной/ черный/ прозрачный			
	1		22.5*21*14 см		1 год	производителем	100-100 *С	0.6			Да	включения, уровня воды	1	1	1.8		металл		Да	Да	Да		Да			2200						новый		нажатие		Китай		ТЭН	Да		нержавеющая сталь	отсутствует		отсутствует
	1.16	новый	29*15.5*21 см		1 год	производителем	40-100 *С	0.8			Да	включения, уровня воды, температуры	7	1	1.2		сталь		Да	Да	Да		Да			2200		Да				новый	Да	нажатие		Китай		ТЭН	Да	поддержание температуры	стальной	отсутствует	Да	отсутствует
	2.1		23.5*21.5*25.5 см		1 год	производителем	10-100 *С	1				включения	1		1.5		фарфор		Да	Да	Да		Да			1500										Китай		закрытая спираль			белый			
	1.6		27*19*19 см		1 год	производителем	100 *С	1				включения, уровня воды, температуры	1	2	1.8		металл		Да	Да	Да					2200								полностью съемная		Китай	Да	диск	Да	снижения уровня шума	бежевый	отсутствует		отсутствует
	0.9	новый	22.5*26*15.5 см		1 год	производителем	40-100 *С	0.75		Да		включения, уровня воды	1	1	1.7		нержавеющая сталь/ пластик		Да	Да	Да					2200						новый		полностью съемная		Китай		скрытый нагревательный элемент	Да		жемчужный			
	0.85	новый			1 год	производителем	100 *С					включения	1	1	1.8		нержавеющая сталь		Да	Да			Да			1800						новый		нажатие		Китай		диск			черный/ серебристый	отсутствует		отсутствует
	1.7	новый	29*21.5*21.5 см		2 года	производителем	40-100 *С	0.8				включения, уровня воды	1	2	1.7		нержавеющая сталь/ стекло		Да	Да	Да		Да			3000						новый		кнопка на корпусе		Китай		ТЭН	Да		нержавеющая сталь/ прозрачный			
	1		24.5*22*16 см		1 год	производителем	100-100 *С	0.7				включения	1	1	2		металл/ пластик/ стекло		Да	Да	Да		Да		Да	2200						новый		нажатие		Китай		скрытый нагревательный элемент			черный			отсутствует
	1		21*22*21 см		1 год	производителем	100 *С	0.7			Да	включения, уровня воды	1	2	1.7		нержавеющая сталь/ пластик		Да	Да	Да		Да		Да	2200		Да		Да			Да	кнопка на корпусе		Китай		диск	Да	поддержание температуры	серо-коричневый	синий	Да	отсутствует
	0.8		17.5*22.2*21 см		2 года	производителем	15-100 *С	0.9		Да		включения	1	1	1.7		пластик		Да	Да	Да		Да			2200								кнопка на корпусе		Китай		ТЭН	Да		черный	отсутствует		отсутствует
	0.7	новый	25*19.5*16.5 см		1 год	производителем	100 *С	0.75				включения, уровня воды	1	1	1.5		нержавеющая сталь/ пластик		Да	Да	Да		Да			1500						новый		нажатие		Китай		ТЭН	Да		серебристый/ черный	отсутствует		отсутствует
	0.93		23*17*21 см		1 год	производителем	1-100 *С	1.5				включения			2		нержавеющая сталь		Да							1500										Китай		ТЭН			серый			
	1.2	новый	16*22*22 см		2 года	производителем	100 *С	0.75				включения, уровня воды	1	1	1.7		стекло		Да	Да	Да		Да		Да	2200						новый		нажатие		Китай		ТЭН	Да		серебристый/ черный	синий		отсутствует
	0.75	новый	23*22.8*15 см		1 год	производителем	100 *С	0.6				включения	1	1	1.8		нержавеющая сталь		Да	Да	Да		Да			1800						новый		нажатие		Китай		диск			нержавеющая сталь/ черный	отсутствует		отсутствует
	0.8		23.5*23*15.8 см		1 год	производителем	100-100 *С	0.65				включения, уровня воды	1	1	1.7		пластик		Да				Да			2200						новый		кнопка на корпусе		Китай		ТЭН	Да		черный/ серебристый	отсутствует		отсутствует
	0.8		21*17.5*15.5 см		2 года	производителем	100-100 *С	0.9				включения, уровня воды	1	1	1		пластик/ стекло		Да	Да	Да		Да		Да	1100							Да	кнопка на корпусе		Китай		диск	Да	поддержание температуры	черный	голубой		отсутствует
	1.19		24*15.5*21 см		1 год	производителем	40-100 *С	0.7					1		1.5		стекло/ пластик		Да	Да	Да					2200		Да				новый		кнопка на корпусе		Китай		диск	Да		черный			отсутствует
	0.875	новый	24*21*15 см		1 год	производителем	100 *С	0.75				включения, уровня воды	1		1.7		пластик		Да	Да	Да		Да			1850						новый		нажатие		Китай		закрытая спираль	Да		белый	отсутствует		отсутствует
	1.2		21*22*18 см		2 года	производителем	10-100 *С	0.7				включения, уровня воды, температуры	4	1	1.7		нержавеющая сталь		Да	Да	Да				Да	2200		Да		Да		новый		нажатие		Китай		диск	Да	поддержание температуры	черный	отсутствует	Да	отсутствует
	0.87	новый	23*16.7*20.4 см		6 месяцев	производителем	10-100 *С	0.6				включения	1	2	1.8		нержавеющая сталь		Да	Да	Да		Да			1500						новый		нажатие		Китай		ТЭН	Да		черный/ красный	отсутствует		отсутствует
	1.15		25.5*23.5*23.5 см		2 года	производителем	100-100 *С	0.6				включения, уровня воды	1	2	1.7		металл		Да	Да	Да		Да			2000						новый		полностью съемная		Китай		диск			голубой	отсутствует		отсутствует
	1.2		25*16*21 см		1 год	производителем	40-100 *С	0.7					1		1.7		стекло/ пластик		Да	Да	Да					2200		Да				новый		кнопка на корпусе		Китай		диск	Да		белый			отсутствует
	1.74		21*24*16 см		1 год	производителем	20-100 *С	0.6				включения, уровня воды	1	1	1		керамика		Да	Да	Да		Да			1200								полностью съемная		Китай		ТЭН			зеленый			отсутствует
	1.4	новый	24.9*22.4*17.5 см		1 год	производителем	100-100 *С	0.8				уровня воды	1	1	1.7		нержавеющая сталь		Да	Да	Да		Да			2200						новый		полностью съемная		Китай		закрытая спираль	Да		белый	отсутствует		отсутствует
	1.3		21*16.5*23.5 см		1 год	производителем	50-100 *С	1				включения, температуры	1	1	1.7		пластик		Да	Да	Да		Да			2200				Да				кнопка на корпусе		Китай		закрытая спираль	Да	поддержание температуры	черный	отсутствует	Да	отсутствует
	1.3	новый	18*22*25 см		1 год	производителем	100 *С	0.8				включения, уровня воды	1	1	1.7		нержавеющая сталь		Да	Да	Да					2200						новый		полностью съемная		Китай		ТЭН			белый/ коричневый	отсутствует		отсутствует
	1.2	новый			1 год	производителем	100 *С					включения, уровня воды	1	1	1.7		пластик/ стекло		Да	Да	Да		Да		Да	2200						новый		кнопка на корпусе		Китай		диск	Да		белый	синий		отсутствует
	1.3	новый	27.5*15*21.6 см		1 год	производителем	100 *С	0.8		Да		включения, уровня воды	1	1	1.7		нержавеющая сталь		Да	Да	Да		Да			2400						новый	Да	нажатие		Китай		закрытая спираль	Да		красный			отсутствует
	1.1	новый	25.2*23*15.9 см		1 год	производителем	100-100 *С	0.7				включения	1		1.5		пластик/ металл		Да	Да	Да		Да			2200						новый	Да	кнопка на корпусе		Китай		ТЭН		поддержание температуры	черный	отсутствует		отсутствует
	1.4	новый	22.5*20 см		2 года	производителем	100 *С	1				включения, уровня воды	1	1	1		нержавеющая сталь/ стекло		Да	Да	Да		Да		Да	1900						новый		нажатие		Китай		ТЭН	Да		нержавеющая сталь	синий		отсутствует
	0.76		23*22.6*15.3 см		1 год	производителем	20-100 *С	0.8			Да	включения, уровня воды	1	1	1.7		пластик		Да	Да	Да		Да			2200						новый		кнопка на корпусе		Китай		ТЭН	Да		слоновая кость	отсутствует		отсутствует
	1.59		21*23*18 см		2 года	производителем	10-100 *С	0.7				включения, уровня воды, температуры	1	1	1.5		термостойкое стекло		Да	Да	Да				Да	1500		Да		Да		новый		нажатие		Китай		диск	Да		белый	отсутствует	Да	отсутствует
	1.05		27.6*23.2*15 см		2 года	производителем	20-100 *С	0.8			Да	включения, уровня воды	1	1	1.7		ABS-пластик		Да	Да	Да					2400								кнопка на корпусе		Китай		закрытая спираль	Да		красный			отсутствует
	1.4	новый	23.5*21.5*15.5 см		1 год	производителем	10-100 *С					включения, уровня воды	1	1	1.7		нержавеющая сталь		Да	Да	Да					2200						новый		кнопка на корпусе		Китай		диск	Да		нержавеющая сталь	отсутствует		отсутствует
	1.26		22*26*15.4 см		1 год	производителем	100 *С	0.75				включения, уровня воды, температуры	1		1.7		сталь		Да	Да	Да		Да			2200										Китай	Да	ТЭН	Да	снижения уровня шума	голубой			отсутствует
	1.13		24.5*22.86*15.1 см		2 года	производителем	40-100 *С	0.7			Да	включения, уровня воды, температуры	5	1	1.7		стекло/ пластик/ металл		Да		Да		Да			2200		Да				новый		ручное		Китай		закрытая спираль	Да		черный/ нержавеющая сталь	разноцветный		отсутствует
	1		26.7*19.1*20.4 см		1 год	производителем	100-100 *С	0.85				включения, уровня воды	1	2	1.5		пластик		Да	Да	Да		Да			2200								кнопка на корпусе		Китай		ТЭН	Да		черный	отсутствует		отсутствует
	1.2		24.8*21.5*16.3 см		1 год	производителем	100-100 *С	0.7				включения, уровня воды	1	2	1.7		пластик/ нержавеющая сталь		Да	Да	Да		Да			2200						новый		кнопка на корпусе		Китай		диск	Да		серый/ черный/ серебристый	отсутствует		отсутствует
	1.1		22*21*15.5 см		1 год	производителем	1-100 *С	0.8				включения, уровня воды	1	1	1.8		сталь/ пластик/ стекло		Да	Да			Да		Да	1800						новый		кнопка на корпусе		Китай		диск	Да		черный/ стальной			отсутствует
	0.9		22.5*16*22.3 см		1 год	производителем	100-100 *С	0.7				включения, уровня воды	1	1	1.7		металл		Да	Да	Да		Да		Да	2200								нажатие		Китай		диск	Да		серебристый	синий		отсутствует
	1.22	новый	22.8*20.7*17 см		2 года	производителем	40-100 *С	0.75	Да		Да	включения	7		0.6		нержавеющая сталь		Да	Да	Да					1200		Да		Да		новый	Да	полностью съемная		Китай		закрытая спираль	Да	заваривание чая, поддержание температуры	серый	отсутствует	Да	
	1		26*17.5*21.5 см		2 года	производителем	40-100 *С	1		Да	Да	включения, уровня воды, температуры	5	2	1.7		пластик/ нержавеющая сталь		Да	Да	Да		Да		Да	1700		Да		Да			Да	кнопка на корпусе		Китай		ТЭН	Да	поддержание температуры	черный		Да	отсутствует
	1.18		24.5*15.3*22.2 см		1 год	производителем	5-100 *С	0.82			Да	включения, уровня воды, температуры	1	2	1.7		пластик/ стекло		Да	Да	Да		Да		Да	2200						новый		кнопка на корпусе		Китай		ТЭН	Да		черный	синий		отсутствует
	1.5		24*15.5*22 см		1 год	производителем	70-100 *С	0.7				включения, температуры	5	2	1.7		металл/ пластик		Да	Да	Да		Да			2200		Да		Да		новый	Да	кнопка на корпусе		Китай		закрытая спираль	Да	поддержание температуры	черный	отсутствует	Да	отсутствует
	1		22.3*21.5*15.5 см		1 год	производителем	100-100 *С	0.75				включения, уровня воды	1	2	1.7		нержавеющая сталь		Да	Да			Да			2100						новый		кнопка на корпусе		Китай		диск	Да		розовый/ серебристый/ черный	отсутствует		отсутствует
	1.1	новый	14.5*19.2*20.5 см		1 год	производителем	100-100 *С	0.75				включения, уровня воды	1	2	0.6		пластик		Да	Да	Да		Да			1000						новый		полностью съемная		Китай		скрытый нагревательный элемент	Да		жемчужный			
	1.1		23*22*15 см		1 год	производителем	100-100 *С	0.8				включения, уровня воды	1	1	1.7		нержавеющая сталь		Да	Да			Да			2200						новый		нажатие		Китай		диск	Да		нержавеющая сталь	отсутствует		отсутствует
	1		24*20*18 см		1 год	производителем	100-100 *С	0.6			Да	включения, уровня воды	1	1	1.8		металл		Да	Да	Да		Да			2200								кнопка на корпусе		Китай		ТЭН	Да		стальной	отсутствует		отсутствует
	0.908		22.5*15.6*20 см		1 год	производителем	100-100 *С	0.75		Да		включения, уровня воды, температуры	1	1	1.7		пластик		Да	Да	Да		Да			2200						новый		кнопка на корпусе		Китай		диск	Да		слоновая кость	отсутствует		отсутствует
	1.28	новый	15.7*20.4*27.5 см		3 года	производителем	40-100 *С	0.75				включения, уровня воды, температуры	5	1	1.5		пластик		Да	Да	Да		Да			1800		Да		Да		новый		нажатие		Китай	Да	скрытый нагревательный элемент	Да	поддержание температуры, снижения уровня шума	черный	отсутствует	Да	отсутствует
	1.28		26.6*21.2*15.7 см		2 года	производителем	100 *С	0.7			Да	включения, температуры	7	2	1.7		пластик		Да	Да	Да		Да			2200		Да		Да		новый	Да	кнопка на корпусе		Китай		закрытая спираль	Да	поддержание температуры	белый	отсутствует	Да	отсутствует
	2.1	новый	20.3*24.1*27.2 см		3 года	производителем	50-100 *С	1		Да	Да	включения, уровня воды, температуры	6	2	1.5		алюминий		Да	Да	Да		Да			2400		Да				новый	Да	кнопка на корпусе		Китай	Да	ТЭН	Да	поддержание температуры, снижения уровня шума	карамельное яблоко	отсутствует		отсутствует
	0.9		23.2*21*17 см		1 год	производителем	100-100 *С	0.75					1	1	1.7		пластик		Да	Да			Да			2200						новый		кнопка на корпусе		Китай		диск	Да		черный			отсутствует
	1.08		24.2*21.6*15.8 см		1 год	производителем	10-100 *С	0.85			Да	включения, уровня воды	1	1	1.7		стекло		Да	Да	Да		Да		Да	2200						новый		кнопка на корпусе		Китай		ТЭН	Да		черный	голубой		отсутствует
	1		23*18*18 см		2 года	производителем	10-100 *С	0.7				включения, уровня воды	1	1	1.7		термостойкое стекло		Да	Да			Да		Да	2200						новый		полностью съемная		Китай		диск	Да		белый	синий		отсутствует
	0.9	новый	21.5*18*18 см		6 месяцев	производителем	10-100 *С	0.8				включения	1	1	1.7		нержавеющая сталь/ пластик		Да	Да	Да		Да			1500						новый	Да	нажатие		Китай		закрытая спираль	Да		черный	отсутствует		отсутствует
	0.9		23.2*21*17 см		1 год	производителем	100-100 *С	0.75					1	1	1.7		пластик		Да	Да			Да			2200						новый		кнопка на корпусе		Китай		диск	Да		черный			отсутствует
	0.983		24.2*21.4*15.7 см		3 года	производителем	100-100 *С	0.7				включения, уровня воды, температуры	1	1	1.7		нержавеющая сталь		Да	Да	Да		Да			2200						новый		кнопка на корпусе		Китай		диск	Да		нержавеющая сталь			отсутствует
	0.908		22.5*15.6*20 см		1 год	производителем	100-100 *С	0.75		Да		включения, уровня воды, температуры	1	1	1.7		пластик		Да	Да	Да		Да			2200						новый		кнопка на корпусе		Китай		диск	Да		черный	отсутствует		отсутствует
	1.5		24.5*22*15 см		1 год	производителем	70-100 *С	0.7			Да	включения, температуры	4	2	1.7		пластик/ стекло		Да	Да	Да		Да			2200		Да		Да		новый	Да	кнопка на корпусе		Китай		закрытая спираль	Да	поддержание температуры	черный	отсутствует		отсутствует
	1.5	новый	24.5*24.5*20 см		2 года	производителем	100 *С	0.75				включения, уровня воды	1	1	1.4		керамика		Да	Да	Да					1400						новый	Да	полностью съемная		Китай	Да	диск		снижения уровня шума	белый/ рисунок	отсутствует		отсутствует
	0.908		22.5*15.6*20 см		1 год	производителем	100-100 *С	0.75		Да		включения, уровня воды, температуры	1	1	1.7		пластик		Да	Да	Да		Да			2200						новый		кнопка на корпусе		Китай		диск	Да		зеленое яблоко	отсутствует		отсутствует
	1	новый	20*20*15.2 см		1 год	производителем	100 *С	1				включения, уровня воды	1	1	0.8		пластик		Да	Да	Да		Да			1400						новый				Китай		ТЭН	Да		белый			отсутствует
	1.28		22*15*22 см		1 год	производителем	40-100 *С	0.75			Да	включения, уровня воды, температуры	5	1	1.7		металл/ стекло		Да	Да	Да		Да		Да	2200		Да				новый	Да	кнопка на корпусе		Китай		закрытая спираль	Да	поддержание температуры	стекло	разноцветный		отсутствует
	1.1		20.8*26.1*16 см		1 год	производителем	100-100 *С	0.75				включения, уровня воды	1	1	1.5		стекло		Да	Да	Да		Да		Да	2200								полностью съемная		Китай		закрытая спираль	Да		серебристый	синий		отсутствует
	1.1	новый	25.8*22.2*25.8 см		1 год	производителем	100-100 *С	0.8				уровня воды	1	1	1.7		нержавеющая сталь		Да	Да	Да		Да			2200						новый		нажатие		Китай		закрытая спираль	Да		медный	отсутствует		отсутствует
	1		22*17*17 см		1 год	производителем	100 *С	0.57				включения	1	1	1.7		металл		Да				Да			1500						новый		ручное		Китай		диск			серебристый	отсутствует		отсутствует
	1.18	новый	23*21.4*25 см		1 год	производителем	100-100 *С	0.75				включения, уровня воды	1	2	1.7		стекло/ нержавеющая сталь		Да	Да			Да		Да	2200						новый		кнопка на корпусе		Китай		диск	Да		нержавеющая сталь/ черный	синий		
	0.85		25*22.5*15 см		1 год	производителем	30-100 *С	1				включения, уровня воды	1	1	1.7		пластик/ металл		Да		Да		Да			2200						новый		полностью съемная		Китай		закрытая спираль	Да		черный			отсутствует
	0.7	новый	23*15*21 см		1 год	производителем	100-100 *С	0.68				включения, уровня воды	1	1	1.7		пластик		Да	Да			Да			1850						новый		нажатие		Россия		диск	Да		белый/ коричневый	отсутствует		отсутствует
	0.72	новый	23*17*20.5 см		1 год	производителем	10-100 *С	1				включения	1	1	1.8		нержавеющая сталь/ пластик		Да	Да	Да		Да			1500						новый		нажатие		Китай		закрытая спираль	Да		черный	отсутствует		отсутствует
	1.5		24.5*22*15 см		1 год	производителем	70-100 *С	0.7			Да	включения, температуры	4	2	1.7		пластик/ стекло		Да	Да	Да		Да			2200		Да		Да		новый	Да	кнопка на корпусе		Китай		закрытая спираль	Да	поддержание температуры	черный	отсутствует		отсутствует
	1.47		27*22*16.5 см		2 года	производителем		0.75				включения, уровня воды		2	1.9		пластик/ стекло		Да						Да	2200		Да				новый				Китай		диск	Да	поддержание температуры	черный/ серебристый		Да	
	1.6		24.8*22.6*17.1 см		1 год	производителем						включения, уровня воды			1.7		нержавеющая сталь		Да	Да	Да					2400										Китай		диск	Да		розовый			
	0.81		22.3*21.9*15.8 см		1 год	производителем		0.75				включения, уровня воды			1.7		пластик		Да							2200						новый				Китай		диск			белый/ зеленый			
	0.81		22.3*21.9*15.8 см		1 год	производителем		0.75				включения, уровня воды			1.7		пластик		Да							2200						новый				Китай		диск			белый/ оранжевый			
	0.9		22.5*15.6*20 см		1 год	производителем	20-100 *С	0.75			Да	включения, уровня воды, температуры	1	1	1.7		пластик		Да	Да	Да		Да			2200						новый		кнопка на корпусе		Китай		ТЭН	Да		оранжевый	отсутствует		отсутствует
	1.2		23.9*18*22.2 см		1 год	производителем	40-100 *С					включения, уровня воды, температуры	7		1.7		нержавеющая сталь		Да	Да			Да			2200		Да				новый		кнопка на корпусе		Китай		диск	Да	поддержание температуры	серебристый/ черный	отсутствует	Да	отсутствует
	0.9		22*17.5*17.5 см		1 год	производителем	10-100 *С	0.7				уровня воды	1		1.7		пластик		Да	Да	Да		Да			2200										Китай		ТЭН	Да		черный			
	1		22.3*15.5*21.5 см		1 год	производителем	100-100 *С	0.75				включения, уровня воды	1	1	1.7		нержавеющая сталь		Да	Да			Да			2100						новый		кнопка на корпусе		Китай		диск	Да		нержавеющая сталь			отсутствует
	1	новый			1 год	производителем	100-100 *С					включения, уровня воды, температуры	1	1	1.7		нержавеющая сталь/ пластик		Да	Да	Да		Да			2200						новый		полностью съемная		Китай		диск	Да		мятный	отсутствует		отсутствует
	1.6		27*19*19 см		1 год	производителем	100 *С	1				включения, уровня воды, температуры	1	2	1.8		металл		Да	Да	Да					2200								полностью съемная		Китай	Да	диск	Да	снижения уровня шума	бежевый	отсутствует		отсутствует
	1.35		23.5*19*21 см		1 год	производителем	100-100 *С	0.75				включения, уровня воды	1	1	1.7		термостойкое стекло		Да	Да			Да		Да	2200						новый		кнопка на корпусе		Китай		диск	Да		черный/ серебристый	синий		отсутствует
	1		22*17.4*21.5 см		1 год	производителем	40-100 *С	0.75				включения, уровня воды, температуры	7	1	1.7		нержавеющая сталь		Да	Да	Да		Да			2200		Да		Да				полностью съемная		Китай		закрытая спираль	Да		черный	отсутствует		отсутствует
	1.03		21.1*24.3*15.2 см		1 год	продавцом	40-100 *С	0.65				включения, уровня воды		1	1.7		стекло/ нержавеющая сталь/ пластик		Да	Да	Да		Да		Да	2200								кнопка на корпусе		Китай		диск	Да		серебристый	синий		отсутствует
	2.14		24.5*15.5*25 см		1 год	производителем	20-100 *С	0.7							1.2		стекло		Да	Да	Да			от сети		1300									2 года	Китай		спираль			прозрачный/ черный/ серебристый		Да	
	1.28		22*15*22 см		1 год	производителем	40-100 *С	0.75			Да	включения, уровня воды, температуры	5	1	1.7		металл/ стекло		Да	Да	Да		Да		Да	2200		Да				новый	Да	кнопка на корпусе		Китай		закрытая спираль	Да	поддержание температуры	стекло	разноцветный		отсутствует
	0.95				2 года	производителем		0.7				включения, уровня воды			1.7		металл		Да				Да			2200		Да				новый				Китай		диск	Да		бежевый		Да	
	1.3				1 год	производителем									2		пластик/ стекло		Да						Да	2200						новый				Китай		закрытая спираль			черный			
	0.93		23.5*23.3*19.4 см		1 год	производителем	20-100 *С	0.75				включения, уровня воды	1	1	1.7		пищевой термостойкий пластик		Да	Да	Да		Да			2200						новый		полностью съемная		Китай		ТЭН	Да			отсутствует		отсутствует
	1		23*18*18 см		2 года	производителем	10-100 *С	0.7				включения, уровня воды	1	1	1.7		термостойкое стекло		Да	Да			Да		Да	2200						новый		полностью съемная		Китай		диск	Да		белый	синий		отсутствует
	0.94	новый	24*21*21 см		1 год	производителем	40-100 *С	0.65			Да	включения, уровня воды, температуры	5	2	1.5		полипропилен/ нержавеющая сталь		Да	Да	Да		Да			1500		Да				новый	Да	кнопка на корпусе		Китай		диск	Да	поддержание температуры	бежевый			отсутствует
	1.3	новый	22*25*18 см		1 год	производителем	100-100 *С					включения, уровня воды	1	1	1.7		нержавеющая сталь		Да	Да	Да					2200						новый		полностью съемная		Китай		диск	Да		серый	отсутствует		отсутствует
	1.2		23.9*18*22.2 см		1 год	производителем	40-100 *С					включения, уровня воды, температуры	7		1.7		нержавеющая сталь		Да	Да			Да			2200		Да				новый		кнопка на корпусе		Китай		диск	Да	поддержание температуры	серебристый/ черный	отсутствует	Да	отсутствует
	0.9		22.5*15.6*20 см		1 год	производителем	20-100 *С	0.75			Да	включения, уровня воды, температуры	1	1	1.7		пластик		Да	Да	Да		Да			2200						новый		кнопка на корпусе		Китай		ТЭН	Да		сливовый	отсутствует		отсутствует
	1.86	новый	26.3*16*24.1 см		2 года	производителем	40-100 *С	1			Да	включения, уровня воды, температуры	9	1	1.5		нержавеющая сталь		Да	Да	Да					2400		Да		Да		новый	Да	нажатие		Китай		скрытый нагревательный элемент	Да	поддержание температуры	нержавеющая сталь		Да	отсутствует
	0.93		23.5*23.3*19.4 см		1 год	производителем	20-100 *С	0.75				включения, уровня воды	1	1	1.7		пищевой термостойкий пластик		Да	Да	Да		Да			2200						новый		полностью съемная		Китай		ТЭН	Да		черный	отсутствует		отсутствует
	0.93		19.1*18*22.9 см		1 год	производителем	100-100 *С	0.75				включения, уровня воды	1	1	1.8		нержавеющая сталь		Да	Да	Да		Да			1800								нажатие		Китай		диск	Да		стальной			отсутствует
	0.98		25*21.5*15.5 см		2 года	производителем		0.78				включения, уровня воды		2	1.7		металл/ пластик		Да	Да			Да			2000						новый				Китай		диск			салатовый			
	1		26*22.5*15.3 см		1 год	производителем		0.8				включения			1.8		пластик		Да	Да						2200						новый				Китай		диск			черный			
	1.2				2 года	производителем						включения, уровня воды			1.7		пластик/ стекло		Да	Да					Да	2200		Да				новый	Да			Китай				поддержание температуры	прозрачный/ черный		Да	
	0.96		25.5*22.5*13.3 см		1 год	производителем	100 *С	0.7				включения, уровня воды	1	2	1.7		пластик		Да	Да	Да		Да		Да	2200								полностью съемная		Китай		диск	Да		светло-серый			отсутствует
	1		22*23*18 см		1 год	производителем	100 *С	0.7				включения, уровня воды	1	1	1.7		нержавеющая сталь/ пластик		Да	Да	Да		Да		Да	2200								полностью съемная		Китай		диск	Да		серый	синий		отсутствует
	1.4	новый	25.5*20*22 см		2 года	производителем	20-100 *С	0.75				включения, уровня воды	1	1	1.7		высокопрочного термостойкого стекла		Да	Да	Да		Да		Да	2200						новый		полностью съемная		Китай		ТЭН	Да		черный	синий		отсутствует
	1		22.3*21.5*15.5 см		1 год	производителем	100-100 *С	0.75				включения, уровня воды	1	1	1.7		нержавеющая сталь		Да	Да			Да			2100						новый		кнопка на корпусе		Китай		диск	Да		бежевый	отсутствует		отсутствует
	0.93		23.5*23.3*19.4 см		1 год	производителем	20-100 *С	0.75				включения, уровня воды	1	1	1.7		пищевой термостойкий пластик		Да	Да	Да		Да			2200						новый		полностью съемная		Китай		диск	Да		темно-серый	отсутствует		отсутствует
	1.38	новый	24*13.7*20 см		1 год	производителем	50-100 *С	0.85			Да	включения, температуры	11	2	1		нержавеющая сталь		Да	Да	Да					1800		Да				новый	Да	полностью съемная		Китай		закрытая спираль	Да	поддержание температуры	серый/ графитовый	отсутствует	Да	
	0.76		21.5*17.3*16.2 см		1 год	производителем		0.75				включения, уровня воды			1		пластик/ стекло		Да				Да		Да	1500						новый				Китай		диск			прозрачный/ серебристый			
	1.3		23*18*21 см		1 год	производителем	100-100 *С	0.75				включения, уровня воды	1	1	1.7		термостойкое стекло		Да	Да			Да		Да	2200						новый		кнопка на корпусе		Китай		диск	Да		черный/ прозрачный	синий		отсутствует
	1.08		22*15*15 см		1 год	производителем	20-100 *С	1	Да		Да	включения, уровня воды, температуры	5	1	1.8		металл/ пластик/ стекло		Да	Да	Да		Да		Да	1500		Да				новый		кнопка на корпусе		Китай		ТЭН	Да	заваривание чая, поддержание температуры	серебристый хром/ черный	синий	Да	отсутствует
	0.9		23.4*20.5*14.2 см		1 год	производителем	100-100 *С	0.6				включения, уровня воды	1	1	1.5		пластик/ стекло		Да	Да			Да			1500										Китай		ТЭН			розовый			отсутствует
	1.34		25.5*23*14.7 см		2 года	производителем						включения, уровня воды	1		1.5				Да	Да	Да		Да			2015						новый		кнопка на корпусе		Китай		закрытая спираль	Да		белый			
	0.76		23.5*22.2*15.5 см		1 год	производителем	100 *С	0.6				включения, уровня воды	1	1	1.7		пластик		Да	Да	Да		Да			2200								кнопка на корпусе		Китай		диск	Да		серый/ серебристый			отсутствует
	1.12	новый	23.9*15.1*20.9 см		2 года	производителем		0.75				уровня воды	1		1.7		пластик/ стекло		Да	Да	Да		Да		Да	2200						новый		нажатие		Китай		ТЭН	Да		серебристый/ белый	синий		
	1		23.62*21.61*15.55 см		1 год	производителем	100-100 *С	0.75				включения, уровня воды	1		1.7		стекло/ пластик		Да	Да	Да		Да			2200										Китай		диск	Да		черный			
	1.1				1 год	производителем							1		1.5		нержавеющая сталь		Да	Да	Да					2150						новый		кнопка на корпусе		Китай		закрытая спираль	Да		черный			
					1 год	производителем						уровня воды	1		1.7		пластик		Да							2000						новый		кнопка на корпусе		Китай		закрытая спираль			красный			
	1.6		24.6*17.1*22.3 см		1 год	производителем						включения, уровня воды			1.7		нержавеющая сталь/ пластик		Да	Да	Да					2400										Китай		ТЭН	Да		красный			
	1.1		21*16.5*19 см		1 год	производителем	100-100 *С	0.75				включения, уровня воды	1	1	1.7		нержавеющая сталь		Да	Да			Да			2200						новый		кнопка на корпусе		Китай		диск	Да		стальной/ черный			отсутствует
	0.8	новый	23*16*20 см		1 год	производителем	100-100 *С	0.7				включения	1		1.8		пластик/ нержавеющая сталь		Да	Да	Да		Да			1500						новый		нажатие		Китай		диск			белый	отсутствует		отсутствует
	1.6		27.5*22.6*17.1 см		1 год	производителем	50 *С	1			Да	включения, уровня воды, температуры	8		1.7		нержавеющая сталь		Да	Да	Да					2400		Да								Китай		ТЭН	Да	поддержание температуры	бежевый			
	1.1	новый	27*21*14 см		1 год	производителем	40-100 *С	0.75				включения, уровня воды	1	2	1.7		нержавеющая сталь		Да	Да	Да		Да			3000						новый	Да	нажатие		Китай		закрытая спираль	Да		белый			отсутствует
	0.83		23*16.5*21.6 см		1 год	продавцом	80-100 *С	0.75	Да			включения, уровня воды	1	1	1.8		термостойкое стекло		Да	Да	Да		Да		Да	1500						новый		кнопка на корпусе		Китай		ТЭН		заваривание чая	черный	голубой		отсутствует
	1		26*17*23 см		1 год	производителем	100-100 *С	0.75				включения, уровня воды	1	1	1.7		термостойкое стекло		Да	Да	Да		Да		Да	2200								кнопка на корпусе		Китай		закрытая спираль	Да		серебристый	голубой		отсутствует
	1.37		24.5*23*14.7 см		2 года	производителем	70-100 *С					включения, уровня воды	4	2	1.25		нержавеющая сталь		Да	Да	Да		Да			2015		Да				новый		кнопка на корпусе		Китай		диск	Да			отсутствует		
	1.08		26.6*21.2*15.7 см		2 года	производителем	100 *С	0.7			Да	включения, температуры	7	2	1.7		пластик		Да	Да	Да		Да			2200		Да		Да		новый	Да	кнопка на корпусе		Китай		закрытая спираль	Да	поддержание температуры	серый	отсутствует	Да	отсутствует
	1.29		25.8*22.2*15.4 см		1 год	производителем	40-100 *С	0.7			Да	включения, уровня воды, температуры	7	2	1.7		стекло/ пластик		Да	Да	Да		Да			2200		Да		Да			Да	кнопка на корпусе		Китай		диск	Да	поддержание температуры	черный/ прозрачный	отсутствует	Да	отсутствует
	1		23.3*15.8*22.1 см		2 года	производителем						включения, уровня воды	1		1.7		металл		Да	Да	Да				Да	2200						новый		кнопка на корпусе		Китай		закрытая спираль	Да			синий		
	1.2	новый	23.9*22.6*14.9 см		1 год	производителем	100-100 *С	0.7				включения, уровня воды	1		1.7		металл/ пластик		Да	Да	Да		Да			2200						новый		кнопка на корпусе		Китай		ТЭН	Да		нержавеющая сталь	отсутствует		отсутствует
					1 год	производителем						уровня воды	1		1.7		нержавеющая сталь		Да	Да	Да					2200						новый		кнопка на корпусе		Китай		закрытая спираль	Да		нержавеющая сталь			
	0.87		22*17.7*23.2 см		3 года	производителем	100-100 *С	0.75		Да		включения, уровня воды	1	1	1.8		металл		Да				Да			2200						новый		ручное		Китай		диск	Да		стальной	отсутствует		отсутствует
	1	новый	22.3*21.5*15.5 см		1 год	производителем	99-100 *С	0.75				включения, уровня воды	1	1	1.7		нержавеющая сталь		Да	Да	Да		Да			2100						новый		кнопка на корпусе		Китай		диск	Да		стальной	отсутствует		отсутствует
	1	новый	24*18.5*20 см		2 года	производителем	100-100 *С	0.8				включения, уровня воды	1	1	1.7		термостойкое стекло/ пластик		Да	Да	Да		Да		Да	2200						новый		нажатие		Китай		диск	Да		бежевый	синий		отсутствует
	0.9		22.5*15.6*20 см		1 год	производителем	20-100 *С	0.75			Да	включения, уровня воды, температуры	1	1	1.7		пластик		Да	Да	Да					2200						новый		нажатие		Китай		ТЭН	Да		красный	отсутствует		отсутствует
	1.75	новый	27*21*17.5 см		1 год	производителем	60-100 *С	0.6	Да		Да	включения, уровня воды, температуры	5	1	1.7		стекло закаленное		Да	Да	Да		Да			2400		Да				новый	Да	полностью съемная		Китай		закрытая спираль	Да	заваривание чая, поддержание температуры	серый			отсутствует
	1.4		23*21*18 см		1 год	производителем	100-100 *С	0.75				включения, уровня воды	1	1	1.7		термостойкое стекло		Да	Да			Да		Да	2200						новый		кнопка на корпусе		Китай		диск	Да		серебристый/ прозрачный	синий		отсутствует
	0.69	новый	23.2*21.3*14.8 см		1 год	производителем	100 *С	0.75				включения, уровня воды	1	1	1.8		нержавеющая сталь/ пластик		Да	Да	Да		Да			1500						новый		кнопка на корпусе		Китай		диск	Да		нержавеющая сталь/ черный	отсутствует		отсутствует
	0.165	новый	25*22.8*14 см		1 год	производителем	1-100 *С	0.9				включения, уровня воды	1	2	2		пластик		Да	Да	Да					1800						новый		кнопка на корпусе		Китай		диск	Да		черный	отсутствует		
	1.12	новый	23.8*22*15 см		1 год	производителем	100-100 *С	0.65				включения, уровня воды	1	1	1.7		нержавеющая сталь/ стекло/ пластик		Да	Да			Да		Да	2200						новый		кнопка на корпусе		Китай		диск	Да		черный	голубой		отсутствует
